username,course,registered_at,course_slug,title,start_date,event_type,first_event_date,account_age_days,user_cohort,total_events_attended,is_repeat_user
27sarchives,Wikimedia_Indonesia/Wikilatih_Wikidata_Palembang_21_Juni_2026,2026-06-21 03:03:29+00:00,Wikimedia_Indonesia/Wikilatih_Wikidata_Palembang_21_Juni_2026,Wikilatih Wikidata Palembang 21 Juni 2026,2026-06-20 22:00:00+00:00,Wikilatih,2026-06-20 22:00:00+00:00,-0.21075231481481482,New User,1,False
Aaajim,Wikimedia_Indonesia/Kopdar_Wikidata_Bandung_7_Juni_2026,2026-05-20 06:09:21+00:00,Wikimedia_Indonesia/Kopdar_Wikidata_Bandung_7_Juni_2026,Kopdar Wikidata Bandung 7 Juni 2026,2026-06-06 22:00:00+00:00,Kopdar,2026-06-06 22:00:00+00:00,17.660173611111112,Existing User,1,False
Abdisaverio,Wikimedia_Indonesia/Kopdar_Wikimedia_Surabaya_20_November_2025_(20_November_2025),2025-08-24 07:07:03+00:00,Wikimedia_Indonesia/Kopdar_Wikimedia_Surabaya_20_November_2025_(20_November_2025),Kopdar Wikimedia Surabaya 20 November 2025,2025-11-19 22:00:00+00:00,Kopdar,2025-11-19 22:00:00+00:00,87.62010416666666,Existing User,1,False
Abilhzn,Wikimedia_Indonesia/Wikilatih_WIkidata_Telkom_University_Oktober_2025,2025-10-03 06:25:36+00:00,Wikimedia_Indonesia/Wikilatih_WIkidata_Telkom_University_Oktober_2025,Wikilatih WIkidata Telkom University Oktober 2025,2025-10-03 22:00:00+00:00,Wikilatih,2025-10-03 22:00:00+00:00,0.6488888888888888,New User,1,False
Adelinavm,Wikimedia_Indonesia/Wikilatih_WIkidata_Telkom_University_Oktober_2025,2025-10-04 02:35:06+00:00,Wikimedia_Indonesia/Wikilatih_WIkidata_Telkom_University_Oktober_2025,Wikilatih WIkidata Telkom University Oktober 2025,2025-10-03 22:00:00+00:00,Wikilatih,2025-10-03 22:00:00+00:00,-0.19104166666666667,New User,1,False
Adhi Kurniawan,Wikimedia_Indonesia/Kopdar_Wikimedia_Surabaya_20_November_2025_(20_November_2025),2012-09-15 18:29:58+00:00,Wikimedia_Indonesia/Kopdar_Wikimedia_Surabaya_20_November_2025_(20_November_2025),Kopdar Wikimedia Surabaya 20 November 2025,2025-11-19 22:00:00+00:00,Kopdar,2025-11-19 22:00:00+00:00,4813.145856481481,Existing User,1,False
Adhiiik,Wikimedia_Indonesia/Pemagangan_Datatek_Desember_2025,2025-12-16 03:50:45+00:00,Wikimedia_Indonesia/Pemagangan_Datatek_Desember_2025,Pemagangan Datatek Desember 2025,2025-12-14 17:00:00+00:00,Pemagangan,2025-12-14 17:00:00+00:00,-1.4519097222222221,New User,3,True
Adhmi,Wikimedia_Indonesia/Geodatathon_Agustus_2025,2018-05-03 07:41:24+00:00,Wikimedia_Indonesia/Geodatathon_Agustus_2025,Geodatathon Agustus 2025,2025-08-26 17:00:00+00:00,Datathon,2025-08-26 17:00:00+00:00,2672.3879166666666,Existing User,2,True
Ading aja,Wikimedia_Indonesia/Wikilatih_Wikidata_Jakarta_31_Maret_2026,2026-03-31 07:57:59+00:00,Wikimedia_Indonesia/Wikilatih_Wikidata_Jakarta_31_Maret_2026,Wikilatih Wikidata Jakarta 31 Maret 2026,2026-03-30 22:00:00+00:00,Wikilatih,2026-03-30 22:00:00+00:00,-0.4152662037037037,New User,1,False
Afdhal Sy,Wikimedia_Indonesia/Geodatathon_Agustus_2025,2024-09-22 13:24:56+00:00,Wikimedia_Indonesia/Geodatathon_Agustus_2025,Geodatathon Agustus 2025,2025-08-26 17:00:00+00:00,Datathon,2025-08-26 17:00:00+00:00,338.14935185185186,Existing User,5,True
Affandy Murad,Wikimedia_Indonesia/Kopdar_Wikidata_Jakarta_14_Desember_2025_(14_Desember_2025),2008-06-30 12:36:43+00:00,Wikimedia_Indonesia/Kopdar_Wikidata_Jakarta_14_Desember_2025_(14_Desember_2025),Kopdar Wikidata Jakarta 14 Desember 2025,2025-12-13 15:00:00+00:00,Kopdar,2025-12-13 15:00:00+00:00,6375.099502314815,Existing User,2,True
Afifah Al Adzkiya,Wikimedia_Indonesia/Wikilatih_Wikidata_Yogyakarta_2026,2025-12-01 08:00:35+00:00,Wikimedia_Indonesia/Wikilatih_Wikidata_Yogyakarta_2026,Wikilatih Wikidata Yogyakarta 2026,2026-04-25 22:00:00+00:00,Wikilatih,2026-04-25 22:00:00+00:00,145.58292824074073,Existing User,1,False
Agavegaza20,Wikimedia_Indonesia/Wikilatih_Wikidata_Semarang_21_Juni_2026,2026-06-21 03:31:21+00:00,Wikimedia_Indonesia/Wikilatih_Wikidata_Semarang_21_Juni_2026,Wikilatih Wikidata Semarang 21 Juni 2026,2026-06-20 23:00:00+00:00,Wikilatih,2026-06-20 23:00:00+00:00,-0.1884375,New User,1,False
Aghnisans,Wikimedia_Indonesia/Wikilatih_Wikidata_Banjarnegara,2024-09-29 04:23:24+00:00,Wikimedia_Indonesia/Wikilatih_Wikidata_Banjarnegara,Wikilatih Wikidata Banjarnegara,2026-04-18 22:00:00+00:00,Wikilatih,2026-04-18 22:00:00+00:00,566.73375,Existing User,1,False
Ah.Masyhar,Wikimedia_Indonesia/Datathon_Musik_Indonesia,2021-10-09 13:13:51+00:00,Wikimedia_Indonesia/Datathon_Musik_Indonesia,Datathon Musik Indonesia,2026-01-28 17:00:00+00:00,Datathon,2026-01-28 17:00:00+00:00,1572.1570486111111,Existing User,2,True
Ahma042,Wikimedia_Indonesia/Wikilatih_Wikidata_BRIN,2026-03-02 14:25:23+00:00,Wikimedia_Indonesia/Wikilatih_Wikidata_BRIN,Wikilatih Wikidata BRIN,2026-03-02 22:00:00+00:00,Wikilatih,2026-03-02 22:00:00+00:00,0.31570601851851854,New User,1,False
Ahmadrizky0102,Wikimedia_Indonesia/Kopdar_Wikidata_Malang_5_Desember_2025,2023-10-27 13:56:59+00:00,Wikimedia_Indonesia/Kopdar_Wikidata_Malang_5_Desember_2025,Kopdar Wikidata Malang 5 Desember 2025,2025-12-04 22:00:00+00:00,Kopdar,2025-12-04 22:00:00+00:00,769.3354282407407,Existing User,1,False
Ahmedsheeran,Wikimedia_Indonesia/Wikilatih_Wikidata_Madura_29_Maret,2025-11-06 21:58:35+00:00,Wikimedia_Indonesia/Wikilatih_Wikidata_Madura_29_Maret,Wikilatih Wikidata Madura 29 Maret,2026-03-28 22:00:00+00:00,Wikilatih,2026-03-28 22:00:00+00:00,142.0009837962963,Existing User,2,True
Ailymaheswari,Wikimedia_Indonesia/Wikilatih_Wikidata_Banjarnegara,2026-04-19 03:04:22+00:00,Wikimedia_Indonesia/Wikilatih_Wikidata_Banjarnegara,Wikilatih Wikidata Banjarnegara,2026-04-18 22:00:00+00:00,Wikilatih,2026-04-18 22:00:00+00:00,-0.21136574074074074,New User,1,False
Akusukabayam,Wikimedia_Indonesia/Kopdar_Wikidata_Daluring_Jambi_x_Jakarta_Januari_2025,2026-01-25 03:10:30+00:00,Wikimedia_Indonesia/Kopdar_Wikidata_Daluring_Jambi_x_Jakarta_Januari_2025,Kopdar Wikidata Daluring Jambi x Jakarta Januari 2025,2026-01-24 22:00:00+00:00,Kopdar,2026-01-24 22:00:00+00:00,-0.215625,New User,1,False
Alexpendria,Wikimedia_Indonesia/Wikilatih_Wikidata_Daring_untuk_Akademisi,2025-09-25 00:06:50+00:00,Wikimedia_Indonesia/Wikilatih_Wikidata_Daring_untuk_Akademisi,Wikilatih Wikidata Daring untuk Akademisi,2025-12-18 22:00:00+00:00,Wikilatih,2025-12-18 22:00:00+00:00,84.9119212962963,Existing User,2,True
Alicya-,Wikimedia_Indonesia/Datathon_Bulan_Wiki_Perempuan_2026,2019-12-03 03:42:36+00:00,Wikimedia_Indonesia/Datathon_Bulan_Wiki_Perempuan_2026,Datathon Bulan Wiki Perempuan 2026,2026-04-23 17:00:00+00:00,Datathon,2026-04-23 17:00:00+00:00,2333.55375,Existing User,1,False
Alrenasalsa,Wikimedia_Indonesia/Wikilatih_Wikidata_Semarang_21_Juni_2026,2026-06-20 00:29:58+00:00,Wikimedia_Indonesia/Wikilatih_Wikidata_Semarang_21_Juni_2026,Wikilatih Wikidata Semarang 21 Juni 2026,2026-06-20 23:00:00+00:00,Wikilatih,2026-06-20 23:00:00+00:00,0.9375231481481482,New User,1,False
Alykarina,Wikimedia_Indonesia/Datathon_Bulan_Wiki_Perempuan_2026,2026-02-16 04:42:55+00:00,Wikimedia_Indonesia/Datathon_Bulan_Wiki_Perempuan_2026,Datathon Bulan Wiki Perempuan 2026,2026-04-23 17:00:00+00:00,Datathon,2026-04-23 17:00:00+00:00,66.51186342592592,Existing User,1,False
Amelia.marelle,Wikimedia_Indonesia/Wikilatih_Wikidata_Banjarnegara,2026-04-19 02:58:30+00:00,Wikimedia_Indonesia/Wikilatih_Wikidata_Banjarnegara,Wikilatih Wikidata Banjarnegara,2026-04-18 22:00:00+00:00,Wikilatih,2026-04-18 22:00:00+00:00,-0.20729166666666668,New User,1,False
Amruelasaa,Wikimedia_Indonesia/Wikilatih_Wikidata_Bangka_Belitung_Januari_2026,2026-01-18 00:48:09+00:00,Wikimedia_Indonesia/Wikilatih_Wikidata_Bangka_Belitung_Januari_2026,Wikilatih Wikidata Bangka Belitung Januari 2026,2026-01-17 22:00:00+00:00,Wikilatih,2026-01-17 22:00:00+00:00,-0.11677083333333334,New User,1,False
Anastasya Theo,Wikimedia_Indonesia/Wikilatih_Wikidata_BPS_Sumut,2026-01-10 05:37:11+00:00,Wikimedia_Indonesia/Wikilatih_Wikidata_BPS_Sumut,Wikilatih Wikidata BPS Sumut,2026-01-09 22:00:00+00:00,Wikilatih,2026-01-09 22:00:00+00:00,-0.3174884259259259,New User,1,False
Andra Aliyev,Wikimedia_Indonesia/Kopdar_Wikidata_Jakarta_14_Desember_2025_(14_Desember_2025),2016-01-17 15:20:58+00:00,Wikimedia_Indonesia/Kopdar_Wikidata_Jakarta_14_Desember_2025_(14_Desember_2025),Kopdar Wikidata Jakarta 14 Desember 2025,2025-12-13 15:00:00+00:00,Kopdar,2025-12-13 15:00:00+00:00,3617.985439814815,Existing User,1,False
Andri Kesenja 01,Wikimedia_Indonesia/Geodatathon_Agustus_2025,2020-09-25 06:58:59+00:00,Wikimedia_Indonesia/Geodatathon_Agustus_2025,Geodatathon Agustus 2025,2025-08-26 17:00:00+00:00,Datathon,2025-08-26 17:00:00+00:00,1796.4173726851852,Existing User,1,False
Anifatun Kh,Wikimedia_Indonesia/Wikilatih_Wikidata_Banjarnegara,2026-04-18 17:15:02+00:00,Wikimedia_Indonesia/Wikilatih_Wikidata_Banjarnegara,Wikilatih Wikidata Banjarnegara,2026-04-18 22:00:00+00:00,Wikilatih,2026-04-18 22:00:00+00:00,0.19789351851851852,New User,1,False
Anita Basyaiban,Wikimedia_Indonesia/Datathon_Musik_Indonesia,2026-01-30 03:56:18+00:00,Wikimedia_Indonesia/Datathon_Musik_Indonesia,Datathon Musik Indonesia,2026-01-28 17:00:00+00:00,Datathon,2026-01-28 17:00:00+00:00,-1.4557638888888889,New User,2,True
Anjarilham123,Wikimedia_Indonesia/Wikilatih_Wikidata_BRIN,2026-03-03 01:12:46+00:00,Wikimedia_Indonesia/Wikilatih_Wikidata_BRIN,Wikilatih Wikidata BRIN,2026-03-02 22:00:00+00:00,Wikilatih,2026-03-02 22:00:00+00:00,-0.13386574074074073,New User,1,False
Annafinanda,Wikimedia_Indonesia/Wikilatih_Wikidata_Yogyakarta_2026,2025-10-14 12:40:53+00:00,Wikimedia_Indonesia/Wikilatih_Wikidata_Yogyakarta_2026,Wikilatih Wikidata Yogyakarta 2026,2026-04-25 22:00:00+00:00,Wikilatih,2026-04-25 22:00:00+00:00,193.38827546296295,Existing User,2,True
Annidafattiya,Wikimedia_Indonesia/Datathon_Musik_Indonesia,2023-03-13 12:01:15+00:00,Wikimedia_Indonesia/Datathon_Musik_Indonesia,Datathon Musik Indonesia,2026-01-28 17:00:00+00:00,Datathon,2026-01-28 17:00:00+00:00,1052.2074652777778,Existing User,1,False
Antya Anantari,Wikimedia_Indonesia/Kopdar_Wikidata_Malang_5_Desember_2025,2018-12-24 01:21:05+00:00,Wikimedia_Indonesia/Kopdar_Wikidata_Malang_5_Desember_2025,Kopdar Wikidata Malang 5 Desember 2025,2025-12-04 22:00:00+00:00,Kopdar,2025-12-04 22:00:00+00:00,2537.860358796296,Existing User,1,False
Apriadi ap,Wikimedia_Indonesia/Kopdar_Wikidata_Bandung_Oktober_2025,2021-11-23 18:50:54+00:00,Wikimedia_Indonesia/Kopdar_Wikidata_Bandung_Oktober_2025,Kopdar Wikidata Bandung Oktober 2025,2025-10-03 22:00:00+00:00,Kopdar,2025-10-03 22:00:00+00:00,1410.1313194444444,Existing User,1,False
Aqila rahmi,Wikimedia_Indonesia/Wikilatih_Wikidata_BPS_Sumut,2026-01-10 03:14:00+00:00,Wikimedia_Indonesia/Wikilatih_Wikidata_BPS_Sumut,Wikilatih Wikidata BPS Sumut,2026-01-09 22:00:00+00:00,Wikilatih,2026-01-09 22:00:00+00:00,-0.21805555555555556,New User,1,False
Aqilanhein,Wikimedia_Indonesia/Wikilatih_Wikidata_Daring_untuk_Akademisi,2025-10-17 02:18:15+00:00,Wikimedia_Indonesia/Wikilatih_Wikidata_Daring_untuk_Akademisi,Wikilatih Wikidata Daring untuk Akademisi,2025-12-18 22:00:00+00:00,Wikilatih,2025-12-18 22:00:00+00:00,62.820659722222224,Existing User,1,False
Ardiishere,Wikimedia_Indonesia/Kopdar_Wikidata_Bandung_7_Juni_2026,2024-04-13 06:04:37+00:00,Wikimedia_Indonesia/Kopdar_Wikidata_Bandung_7_Juni_2026,Kopdar Wikidata Bandung 7 Juni 2026,2026-06-06 22:00:00+00:00,Kopdar,2026-06-06 22:00:00+00:00,784.6634606481482,Existing User,1,False
ArifMaiZam1001,Wikimedia_Indonesia/Kopdar_Wikidata_Daluring_Jambi_x_Jakarta_Januari_2025,2026-01-24 00:08:54+00:00,Wikimedia_Indonesia/Kopdar_Wikidata_Daluring_Jambi_x_Jakarta_Januari_2025,Kopdar Wikidata Daluring Jambi x Jakarta Januari 2025,2026-01-24 22:00:00+00:00,Kopdar,2026-01-24 22:00:00+00:00,0.9104861111111111,New User,1,False
Arkadaş Li,Wikimedia_Indonesia/Kopdar_Wikidata_Daluring_Jambi_x_Jakarta_Januari_2025,2026-01-15 11:15:39+00:00,Wikimedia_Indonesia/Kopdar_Wikidata_Daluring_Jambi_x_Jakarta_Januari_2025,Kopdar Wikidata Daluring Jambi x Jakarta Januari 2025,2026-01-24 22:00:00+00:00,Kopdar,2026-01-24 22:00:00+00:00,9.447465277777777,Existing User,1,False
Arnutara,Wikimedia_Indonesia/Wikilatih_Wikidata_BRIN,2026-03-03 01:56:05+00:00,Wikimedia_Indonesia/Wikilatih_Wikidata_BRIN,Wikilatih Wikidata BRIN,2026-03-02 22:00:00+00:00,Wikilatih,2026-03-02 22:00:00+00:00,-0.16394675925925925,New User,1,False
Ars-arsa,Wikimedia_Indonesia/Geodatathon_Desember_2025_-_Cadang,2025-12-07 06:55:40+00:00,Wikimedia_Indonesia/Geodatathon_Desember_2025_-_Cadang,Geodatathon Desember 2025 - Cadang,2025-12-19 17:00:00+00:00,Datathon,2025-12-19 17:00:00+00:00,12.419675925925926,Existing User,2,True
Arunikala,Wikimedia_Indonesia/Kopdar_Wikidata_Bandung_Oktober_2025,2022-09-19 06:05:56+00:00,Wikimedia_Indonesia/Kopdar_Wikidata_Bandung_Oktober_2025,Kopdar Wikidata Bandung Oktober 2025,2025-10-03 22:00:00+00:00,Kopdar,2025-10-03 22:00:00+00:00,1110.6625462962963,Existing User,1,False
Asepkarbuu,Wikimedia_Indonesia/Wikilatih_Wikidata_Bangka_Belitung_Januari_2026,2026-01-18 03:41:44+00:00,Wikimedia_Indonesia/Wikilatih_Wikidata_Bangka_Belitung_Januari_2026,Wikilatih Wikidata Bangka Belitung Januari 2026,2026-01-17 22:00:00+00:00,Wikilatih,2026-01-17 22:00:00+00:00,-0.2373148148148148,New User,1,False
Asfail1212,Wikimedia_Indonesia/Wikilatih_Wikidata_Jakarta_31_Maret_2026,2026-03-31 07:53:50+00:00,Wikimedia_Indonesia/Wikilatih_Wikidata_Jakarta_31_Maret_2026,Wikilatih Wikidata Jakarta 31 Maret 2026,2026-03-30 22:00:00+00:00,Wikilatih,2026-03-30 22:00:00+00:00,-0.41238425925925926,New User,1,False
AuliaUr,Wikimedia_Indonesia/Wikilatih_Wikidata_Banjarnegara,2026-04-19 02:58:42+00:00,Wikimedia_Indonesia/Wikilatih_Wikidata_Banjarnegara,Wikilatih Wikidata Banjarnegara,2026-04-18 22:00:00+00:00,Wikilatih,2026-04-18 22:00:00+00:00,-0.20743055555555556,New User,1,False
Awaa3ee,Wikimedia_Indonesia/Wikilatih_Wikidata_UISU_27_Oktober_2025,2025-10-26 23:29:17+00:00,Wikimedia_Indonesia/Wikilatih_Wikidata_UISU_27_Oktober_2025,Wikilatih Wikidata UISU 27 Oktober 2025,2025-10-26 23:00:00+00:00,Wikilatih,2025-10-26 23:00:00+00:00,-0.020335648148148148,New User,1,False
Aya2201,Wikimedia_Indonesia/Wikilatih_Wikidata_Padang_18_Januari_2025,2026-01-18 05:30:27+00:00,Wikimedia_Indonesia/Wikilatih_Wikidata_Padang_18_Januari_2025,Wikilatih Wikidata Padang 18 Januari 2025,2026-01-17 22:00:00+00:00,Wikilatih,2026-01-17 22:00:00+00:00,-0.3128125,New User,1,False
Baby2026,Wikimedia_Indonesia/Wikilatih_Wikidata_Kehutanan_UNSRAT,2026-05-21 00:27:49+00:00,Wikimedia_Indonesia/Wikilatih_Wikidata_Kehutanan_UNSRAT,Wikilatih Wikidata Kehutanan UNSRAT,2026-05-20 22:00:00+00:00,Wikilatih,2026-05-20 22:00:00+00:00,-0.10265046296296296,New User,1,False
Badak Jawa,Wikimedia_Indonesia/Kopdar_Wikidata_Jakarta_14_Desember_2025_(14_Desember_2025),2021-06-28 06:56:00+00:00,Wikimedia_Indonesia/Kopdar_Wikidata_Jakarta_14_Desember_2025_(14_Desember_2025),Kopdar Wikidata Jakarta 14 Desember 2025,2025-12-13 15:00:00+00:00,Kopdar,2025-12-13 15:00:00+00:00,1629.3361111111112,Existing User,1,False
Bagilimaribu,Wikimedia_Indonesia/Wikilatih_Wikidata_Jakarta_31_Maret_2026,2026-03-31 08:01:46+00:00,Wikimedia_Indonesia/Wikilatih_Wikidata_Jakarta_31_Maret_2026,Wikilatih Wikidata Jakarta 31 Maret 2026,2026-03-30 22:00:00+00:00,Wikilatih,2026-03-30 22:00:00+00:00,-0.4178935185185185,New User,1,False
Bagindokemas,Wikimedia_Indonesia/Wikilatih_Wikidata_Daring_untuk_Akademisi,2025-12-19 07:36:13+00:00,Wikimedia_Indonesia/Wikilatih_Wikidata_Daring_untuk_Akademisi,Wikilatih Wikidata Daring untuk Akademisi,2025-12-18 22:00:00+00:00,Wikilatih,2025-12-18 22:00:00+00:00,-0.40015046296296297,New User,1,False
Bang Muk,Wikimedia_Indonesia/Kopdar_Wikidata_Daluring_Jambi_x_Jakarta_Januari_2025,2026-01-25 03:04:15+00:00,Wikimedia_Indonesia/Kopdar_Wikidata_Daluring_Jambi_x_Jakarta_Januari_2025,Kopdar Wikidata Daluring Jambi x Jakarta Januari 2025,2026-01-24 22:00:00+00:00,Kopdar,2026-01-24 22:00:00+00:00,-0.21128472222222222,New User,1,False
Bangamatzy,Wikimedia_Indonesia/Wikilatih_Wikidata_Jakarta_31_Maret_2026,2026-01-20 02:49:02+00:00,Wikimedia_Indonesia/Wikilatih_Wikidata_Jakarta_31_Maret_2026,Wikilatih Wikidata Jakarta 31 Maret 2026,2026-03-30 22:00:00+00:00,Wikilatih,2026-03-30 22:00:00+00:00,69.7992824074074,Existing User,1,False
Bararah,Wikimedia_Indonesia/Wikilatih_Wikidata_Madura_29_Maret,2026-03-12 15:37:22+00:00,Wikimedia_Indonesia/Wikilatih_Wikidata_Madura_29_Maret,Wikilatih Wikidata Madura 29 Maret,2026-03-28 22:00:00+00:00,Wikilatih,2026-03-28 22:00:00+00:00,16.265717592592594,Existing User,1,False
Benabrid,Wikimedia_Indonesia/Wikilatih_Wikidata_Yogyakarta_2026,2026-02-11 16:11:25+00:00,Wikimedia_Indonesia/Wikilatih_Wikidata_Yogyakarta_2026,Wikilatih Wikidata Yogyakarta 2026,2026-04-25 22:00:00+00:00,Wikilatih,2026-04-25 22:00:00+00:00,73.24207175925926,Existing User,1,False
Billakuyy,Wikimedia_Indonesia/Wikilatih_Wikidata_UISU_27_Oktober_2025,2025-10-27 02:29:20+00:00,Wikimedia_Indonesia/Wikilatih_Wikidata_UISU_27_Oktober_2025,Wikilatih Wikidata UISU 27 Oktober 2025,2025-10-26 23:00:00+00:00,Wikilatih,2025-10-26 23:00:00+00:00,-0.14537037037037037,New User,1,False
Bingar Kenaya,Wikimedia_Indonesia/Wikilatih_Wikidata_UNAIR_21_November_2025,2025-11-20 01:17:42+00:00,Wikimedia_Indonesia/Wikilatih_Wikidata_UNAIR_21_November_2025,Wikilatih Wikidata UNAIR 21 November 2025,2025-11-20 22:00:00+00:00,Wikilatih,2025-11-20 22:00:00+00:00,0.8627083333333333,New User,1,False
BlueberryCheeseCream,Wikimedia_Indonesia/Kopdar_Wikidata_Jakarta_14_Desember_2025_(14_Desember_2025),2024-04-25 08:53:52+00:00,Wikimedia_Indonesia/Kopdar_Wikidata_Jakarta_14_Desember_2025_(14_Desember_2025),Kopdar Wikidata Jakarta 14 Desember 2025,2025-12-13 15:00:00+00:00,Kopdar,2025-12-13 15:00:00+00:00,597.2542592592592,Existing User,1,False
Blueshean,Wikimedia_Indonesia/Wikilatih_Wikidata_BPS_Sumut,2025-08-13 15:14:06+00:00,Wikimedia_Indonesia/Wikilatih_Wikidata_BPS_Sumut,Wikilatih Wikidata BPS Sumut,2026-01-09 22:00:00+00:00,Wikilatih,2026-01-09 22:00:00+00:00,149.281875,Existing User,1,False
Bottlu,Wikimedia_Indonesia/Wikilatih_Wikidata_UISU_27_Oktober_2025,2025-10-27 03:39:02+00:00,Wikimedia_Indonesia/Wikilatih_Wikidata_UISU_27_Oktober_2025,Wikilatih Wikidata UISU 27 Oktober 2025,2025-10-26 23:00:00+00:00,Wikilatih,2025-10-26 23:00:00+00:00,-0.19377314814814814,New User,1,False
Brownismatcha,Wikimedia_Indonesia/Wikilatih_Wikidata_Jakarta_31_Maret_2026,2026-03-31 07:57:42+00:00,Wikimedia_Indonesia/Wikilatih_Wikidata_Jakarta_31_Maret_2026,Wikilatih Wikidata Jakarta 31 Maret 2026,2026-03-30 22:00:00+00:00,Wikilatih,2026-03-30 22:00:00+00:00,-0.41506944444444444,New User,1,False
Budialen65,Wikimedia_Indonesia/Wikilatih_Wikidata_Padang_18_Januari_2025,2026-01-09 16:32:29+00:00,Wikimedia_Indonesia/Wikilatih_Wikidata_Padang_18_Januari_2025,Wikilatih Wikidata Padang 18 Januari 2025,2026-01-17 22:00:00+00:00,Wikilatih,2026-01-17 22:00:00+00:00,8.22744212962963,Existing User,1,False
Bulanmarseliawt,Wikimedia_Indonesia/Wikilatih_Wikidata_UNAIR_21_November_2025,2025-11-20 04:33:55+00:00,Wikimedia_Indonesia/Wikilatih_Wikidata_UNAIR_21_November_2025,Wikilatih Wikidata UNAIR 21 November 2025,2025-11-20 22:00:00+00:00,Wikilatih,2025-11-20 22:00:00+00:00,0.7264467592592593,New User,1,False
Butterfly Beauty2003,Wikimedia_Indonesia/Wikilatih_Wikidata_Madura_29_Maret,2024-01-21 02:13:25+00:00,Wikimedia_Indonesia/Wikilatih_Wikidata_Madura_29_Maret,Wikilatih Wikidata Madura 29 Maret,2026-03-28 22:00:00+00:00,Wikilatih,2026-03-28 22:00:00+00:00,797.8240162037036,Existing User,1,False
CECILYA AUDRIA,Wikimedia_Indonesia/Wikilatih_Wikidata_UNAIR_21_November_2025,2025-11-20 04:38:19+00:00,Wikimedia_Indonesia/Wikilatih_Wikidata_UNAIR_21_November_2025,Wikilatih Wikidata UNAIR 21 November 2025,2025-11-20 22:00:00+00:00,Wikilatih,2025-11-20 22:00:00+00:00,0.7233912037037037,New User,1,False
Cakjulpikar,Wikimedia_Indonesia/Wikilatih_Wikidata_Daring_untuk_Akademisi,2022-12-29 03:33:35+00:00,Wikimedia_Indonesia/Wikilatih_Wikidata_Daring_untuk_Akademisi,Wikilatih Wikidata Daring untuk Akademisi,2025-12-18 22:00:00+00:00,Wikilatih,2025-12-18 22:00:00+00:00,1085.7683449074075,Existing User,1,False
Candramawa99,Wikimedia_Indonesia/Kopdar_Wikidata_Yogyakarta_24_Mei_2026,2024-03-05 13:37:06+00:00,Wikimedia_Indonesia/Kopdar_Wikidata_Yogyakarta_24_Mei_2026,Kopdar Wikidata Yogyakarta 24 Mei 2026,2026-05-23 22:00:00+00:00,Kopdar,2026-05-23 22:00:00+00:00,809.3492361111112,Existing User,1,False
Cawilll,Wikimedia_Indonesia/Kopdar_Wikidata_Malang_5_Desember_2025,2025-03-07 08:34:29+00:00,Wikimedia_Indonesia/Kopdar_Wikidata_Malang_5_Desember_2025,Kopdar Wikidata Malang 5 Desember 2025,2025-12-04 22:00:00+00:00,Kopdar,2025-12-04 22:00:00+00:00,272.5593865740741,Existing User,1,False
Cgjkldn,Wikimedia_Indonesia/Geodatathon_Agustus_2025,2022-03-22 12:58:31+00:00,Wikimedia_Indonesia/Geodatathon_Agustus_2025,Geodatathon Agustus 2025,2025-08-26 17:00:00+00:00,Datathon,2025-08-26 17:00:00+00:00,1253.1676967592593,Existing User,3,True
Chenmay08,Wikimedia_Indonesia/Wikilatih_Wikidata_Palembang_21_Juni_2026,2025-09-02 03:48:12+00:00,Wikimedia_Indonesia/Wikilatih_Wikidata_Palembang_21_Juni_2026,Wikilatih Wikidata Palembang 21 Juni 2026,2026-06-20 22:00:00+00:00,Wikilatih,2026-06-20 22:00:00+00:00,291.7581944444444,Existing User,1,False
Chevi absyar,Wikimedia_Indonesia/Wikilatih_Wikidata_YBLI,2025-11-10 06:48:42+00:00,Wikimedia_Indonesia/Wikilatih_Wikidata_YBLI,Wikilatih Wikidata YBLI,2026-01-21 22:00:00+00:00,Wikilatih,2026-01-21 22:00:00+00:00,72.63284722222222,Existing User,1,False
Chilsieau,Wikimedia_Indonesia/Wikilatih_Wikidata_UISU_27_Oktober_2025,2025-10-26 23:18:34+00:00,Wikimedia_Indonesia/Wikilatih_Wikidata_UISU_27_Oktober_2025,Wikilatih Wikidata UISU 27 Oktober 2025,2025-10-26 23:00:00+00:00,Wikilatih,2025-10-26 23:00:00+00:00,-0.012893518518518518,New User,1,False
Chongkian,Wikimedia_Indonesia/Kopdar_Wikidata_Jakarta_14_Desember_2025_(14_Desember_2025),2009-08-21 06:41:21+00:00,Wikimedia_Indonesia/Kopdar_Wikidata_Jakarta_14_Desember_2025_(14_Desember_2025),Kopdar Wikidata Jakarta 14 Desember 2025,2025-12-13 15:00:00+00:00,Kopdar,2025-12-13 15:00:00+00:00,5958.346284722223,Existing User,1,False
Clysmic,Wikimedia_Indonesia/Wikilatih_Wikidata_Palembang_21_Juni_2026,2023-02-22 15:56:39+00:00,Wikimedia_Indonesia/Wikilatih_Wikidata_Palembang_21_Juni_2026,Wikilatih Wikidata Palembang 21 Juni 2026,2026-06-20 22:00:00+00:00,Wikilatih,2026-06-20 22:00:00+00:00,1214.2523263888888,Existing User,1,False
D4T4KU35,Wikimedia_Indonesia/Wikilatih_Wikidata_BRIN,2026-03-02 01:43:15+00:00,Wikimedia_Indonesia/Wikilatih_Wikidata_BRIN,Wikilatih Wikidata BRIN,2026-03-02 22:00:00+00:00,Wikilatih,2026-03-02 22:00:00+00:00,0.8449652777777777,New User,1,False
Daritadiaja,Wikimedia_Indonesia/Wikilatih_Wikidata_Jakarta_31_Maret_2026,2026-03-31 09:12:01+00:00,Wikimedia_Indonesia/Wikilatih_Wikidata_Jakarta_31_Maret_2026,Wikilatih Wikidata Jakarta 31 Maret 2026,2026-03-30 22:00:00+00:00,Wikilatih,2026-03-30 22:00:00+00:00,-0.46667824074074077,New User,1,False
Dasaptaerwin,Wikimedia_Indonesia/Wikilatih_Wikidata_Daring_untuk_Akademisi,2016-07-06 22:11:20+00:00,Wikimedia_Indonesia/Wikilatih_Wikidata_Daring_untuk_Akademisi,Wikilatih Wikidata Daring untuk Akademisi,2025-12-18 22:00:00+00:00,Wikilatih,2025-12-18 22:00:00+00:00,3451.9921296296297,Existing User,1,False
Data2ku,Wikimedia_Indonesia/Wikilatih_Wikidata_BRIN,2026-03-03 01:15:56+00:00,Wikimedia_Indonesia/Wikilatih_Wikidata_BRIN,Wikilatih Wikidata BRIN,2026-03-02 22:00:00+00:00,Wikilatih,2026-03-02 22:00:00+00:00,-0.1360648148148148,New User,1,False
Datalaya,Wikimedia_Indonesia/Wikilatih_Wikidata_BRIN,2026-03-02 01:52:06+00:00,Wikimedia_Indonesia/Wikilatih_Wikidata_BRIN,Wikilatih Wikidata BRIN,2026-03-02 22:00:00+00:00,Wikilatih,2026-03-02 22:00:00+00:00,0.8388194444444445,New User,1,False
Deandradarryl.14,Wikimedia_Indonesia/Wikilatih_Wikidata_UISU_27_Oktober_2025,2025-10-27 03:05:46+00:00,Wikimedia_Indonesia/Wikilatih_Wikidata_UISU_27_Oktober_2025,Wikilatih Wikidata UISU 27 Oktober 2025,2025-10-26 23:00:00+00:00,Wikilatih,2025-10-26 23:00:00+00:00,-0.1706712962962963,New User,1,False
Deboradamanikm,Wikimedia_Indonesia/Geodatathon_Agustus_2025,2019-02-08 07:25:57+00:00,Wikimedia_Indonesia/Geodatathon_Agustus_2025,Geodatathon Agustus 2025,2025-08-26 17:00:00+00:00,Datathon,2025-08-26 17:00:00+00:00,2391.3986458333334,Existing User,1,False
Deepturquoise,Wikimedia_Indonesia/Kopdar_Wikidata_Bandung_7_Juni_2026,2019-12-26 13:22:54+00:00,Wikimedia_Indonesia/Kopdar_Wikidata_Bandung_7_Juni_2026,Kopdar Wikidata Bandung 7 Juni 2026,2026-06-06 22:00:00+00:00,Kopdar,2026-06-06 22:00:00+00:00,2354.3590972222223,Existing User,1,False
Deliissss,Wikimedia_Indonesia/Wikilatih_Wikidata_Bangka_Belitung_Januari_2026,2026-01-18 03:32:17+00:00,Wikimedia_Indonesia/Wikilatih_Wikidata_Bangka_Belitung_Januari_2026,Wikilatih Wikidata Bangka Belitung Januari 2026,2026-01-17 22:00:00+00:00,Wikilatih,2026-01-17 22:00:00+00:00,-0.2307523148148148,New User,1,False
Devi Rahmania,Wikimedia_Indonesia/Wikilatih_Wikidata_UNAIR_21_November_2025,2025-11-20 13:54:43+00:00,Wikimedia_Indonesia/Wikilatih_Wikidata_UNAIR_21_November_2025,Wikilatih Wikidata UNAIR 21 November 2025,2025-11-20 22:00:00+00:00,Wikilatih,2025-11-20 22:00:00+00:00,0.3370023148148148,New User,1,False
Dhee03,Wikimedia_Indonesia/Wikilatih_Wikidata_BRIN,2026-03-03 01:38:50+00:00,Wikimedia_Indonesia/Wikilatih_Wikidata_BRIN,Wikilatih Wikidata BRIN,2026-03-02 22:00:00+00:00,Wikilatih,2026-03-02 22:00:00+00:00,-0.1519675925925926,New User,1,False
Dho Hindun,Wikimedia_Indonesia/Kopdar_Wikidata_Daluring_Jambi_x_Jakarta_Januari_2025,2025-05-26 12:13:18+00:00,Wikimedia_Indonesia/Kopdar_Wikidata_Daluring_Jambi_x_Jakarta_Januari_2025,Kopdar Wikidata Daluring Jambi x Jakarta Januari 2025,2026-01-24 22:00:00+00:00,Kopdar,2026-01-24 22:00:00+00:00,243.40743055555555,Existing User,1,False
Dian (WMID),Wikimedia_Indonesia/Kopdar_Wikimedia_Surabaya_20_November_2025_(20_November_2025),2021-11-01 04:25:17+00:00,Wikimedia_Indonesia/Kopdar_Wikimedia_Surabaya_20_November_2025_(20_November_2025),Kopdar Wikimedia Surabaya 20 November 2025,2025-11-19 22:00:00+00:00,Kopdar,2025-11-19 22:00:00+00:00,1479.7324421296296,Existing User,1,False
Dian Kusuma W,Wikimedia_Indonesia/Wikilatih_Wikidata_Banjarnegara,2026-04-19 04:34:22+00:00,Wikimedia_Indonesia/Wikilatih_Wikidata_Banjarnegara,Wikilatih Wikidata Banjarnegara,2026-04-18 22:00:00+00:00,Wikilatih,2026-04-18 22:00:00+00:00,-0.2738657407407407,New User,1,False
Dian Pratiwi 14,Wikimedia_Indonesia/Wikilatih_Wikidata_UNAIR_21_November_2025,2025-11-20 12:01:00+00:00,Wikimedia_Indonesia/Wikilatih_Wikidata_UNAIR_21_November_2025,Wikilatih Wikidata UNAIR 21 November 2025,2025-11-20 22:00:00+00:00,Wikilatih,2025-11-20 22:00:00+00:00,0.41597222222222224,New User,1,False
Diarahmaa,Wikimedia_Indonesia/Kopdar_Wikidata_Padang_15_November_2025,2025-06-26 11:09:24+00:00,Wikimedia_Indonesia/Kopdar_Wikidata_Padang_15_November_2025,Kopdar Wikidata Padang 15 November 2025,2025-11-14 23:00:00+00:00,Kopdar,2025-11-14 23:00:00+00:00,141.4934722222222,Existing User,3,True
Diaryharumpuspita,Wikimedia_Indonesia/Datathon_Bulan_Wiki_Perempuan_2026,2025-12-08 06:25:16+00:00,Wikimedia_Indonesia/Datathon_Bulan_Wiki_Perempuan_2026,Datathon Bulan Wiki Perempuan 2026,2026-04-23 17:00:00+00:00,Datathon,2026-04-23 17:00:00+00:00,136.44078703703704,Existing User,1,False
Dinda Rintic Rose,Wikimedia_Indonesia/Wikilatih_Wikidata_Palembang_21_Juni_2026,2026-06-16 10:37:00+00:00,Wikimedia_Indonesia/Wikilatih_Wikidata_Palembang_21_Juni_2026,Wikilatih Wikidata Palembang 21 Juni 2026,2026-06-20 22:00:00+00:00,Wikilatih,2026-06-20 22:00:00+00:00,4.4743055555555555,New User,1,False
Dinda0508,Wikimedia_Indonesia/Wikilatih_Wikidata_BPS_Sumut,2026-01-09 04:48:12+00:00,Wikimedia_Indonesia/Wikilatih_Wikidata_BPS_Sumut,Wikilatih Wikidata BPS Sumut,2026-01-09 22:00:00+00:00,Wikilatih,2026-01-09 22:00:00+00:00,0.7165277777777778,New User,1,False
DwiFidratul,Wikimedia_Indonesia/Wikilatih_Wikidata_Padang_18_Januari_2025,2025-06-26 11:35:02+00:00,Wikimedia_Indonesia/Wikilatih_Wikidata_Padang_18_Januari_2025,Wikilatih Wikidata Padang 18 Januari 2025,2026-01-17 22:00:00+00:00,Wikilatih,2026-01-17 22:00:00+00:00,205.43400462962964,Existing User,2,True
Dyalim,Wikimedia_Indonesia/Wikilatih_Wikidata_BPS_Sumut,2023-01-11 05:13:18+00:00,Wikimedia_Indonesia/Wikilatih_Wikidata_BPS_Sumut,Wikilatih Wikidata BPS Sumut,2026-01-09 22:00:00+00:00,Wikilatih,2026-01-09 22:00:00+00:00,1094.6990972222222,Existing User,2,True
Dzikran,Wikimedia_Indonesia/Wikilatih_WIkidata_Telkom_University_Oktober_2025,2024-09-15 03:05:22+00:00,Wikimedia_Indonesia/Wikilatih_WIkidata_Telkom_University_Oktober_2025,Wikilatih WIkidata Telkom University Oktober 2025,2025-10-03 22:00:00+00:00,Wikilatih,2025-10-03 22:00:00+00:00,383.7879398148148,Existing User,1,False
EDITIAWARMAN,Wikimedia_Indonesia/Wikilatih_Wikidata_Padang_18_Januari_2025,2026-01-10 14:28:18+00:00,Wikimedia_Indonesia/Wikilatih_Wikidata_Padang_18_Januari_2025,Wikilatih Wikidata Padang 18 Januari 2025,2026-01-17 22:00:00+00:00,Wikilatih,2026-01-17 22:00:00+00:00,7.313680555555556,Existing User,1,False
Ecamirna,Wikimedia_Indonesia/Wikilatih_Wikidata_Padang_18_Januari_2025,2026-01-09 16:09:32+00:00,Wikimedia_Indonesia/Wikilatih_Wikidata_Padang_18_Januari_2025,Wikilatih Wikidata Padang 18 Januari 2025,2026-01-17 22:00:00+00:00,Wikilatih,2026-01-17 22:00:00+00:00,8.24337962962963,Existing User,1,False
Eccyjermany,Wikimedia_Indonesia/Wikilatih_Wikidata_Bangka_Belitung_Januari_2026,2026-01-16 03:35:01+00:00,Wikimedia_Indonesia/Wikilatih_Wikidata_Bangka_Belitung_Januari_2026,Wikilatih Wikidata Bangka Belitung Januari 2026,2026-01-17 22:00:00+00:00,Wikilatih,2026-01-17 22:00:00+00:00,1.7673495370370371,New User,1,False
Edo Alamsyah,Wikimedia_Indonesia/Wikilatih_Wikidata_Bangka_Belitung_Januari_2026,2026-01-12 15:08:26+00:00,Wikimedia_Indonesia/Wikilatih_Wikidata_Bangka_Belitung_Januari_2026,Wikilatih Wikidata Bangka Belitung Januari 2026,2026-01-17 22:00:00+00:00,Wikilatih,2026-01-17 22:00:00+00:00,5.285810185185185,New User,1,False
EendR,Wikimedia_Indonesia/Wikilatih_Wikidata_BRIN,2026-03-03 01:48:56+00:00,Wikimedia_Indonesia/Wikilatih_Wikidata_BRIN,Wikilatih Wikidata BRIN,2026-03-02 22:00:00+00:00,Wikilatih,2026-03-02 22:00:00+00:00,-0.15898148148148147,New User,1,False
Eisara,Wikimedia_Indonesia/Wikilatih_Wikidata_Palembang_21_Juni_2026,2008-09-23 00:30:47+00:00,Wikimedia_Indonesia/Wikilatih_Wikidata_Palembang_21_Juni_2026,Wikilatih Wikidata Palembang 21 Juni 2026,2026-06-20 22:00:00+00:00,Wikilatih,2026-06-20 22:00:00+00:00,6479.895289351852,Existing User,1,False
Eka Aprilia Fajrin,Wikimedia_Indonesia/Datathon_Bulan_Wiki_Perempuan_2026,2026-04-22 08:04:35+00:00,Wikimedia_Indonesia/Datathon_Bulan_Wiki_Perempuan_2026,Datathon Bulan Wiki Perempuan 2026,2026-04-23 17:00:00+00:00,Datathon,2026-04-23 17:00:00+00:00,1.3718171296296295,New User,1,False
Ekahei,Wikimedia_Indonesia/Wikilatih_Wikidata_Padang_18_Januari_2025,2026-01-12 07:44:01+00:00,Wikimedia_Indonesia/Wikilatih_Wikidata_Padang_18_Januari_2025,Wikilatih Wikidata Padang 18 Januari 2025,2026-01-17 22:00:00+00:00,Wikilatih,2026-01-17 22:00:00+00:00,5.594432870370371,New User,1,False
Elsa Firlya,Wikimedia_Indonesia/Wikilatih_Wikidata_Bangka_Belitung_Januari_2026,2026-01-08 04:27:56+00:00,Wikimedia_Indonesia/Wikilatih_Wikidata_Bangka_Belitung_Januari_2026,Wikilatih Wikidata Bangka Belitung Januari 2026,2026-01-17 22:00:00+00:00,Wikilatih,2026-01-17 22:00:00+00:00,9.730601851851851,Existing User,1,False
Empat Tilda,Wikimedia_Indonesia/Kopdar_Wikimedia_Surabaya_20_November_2025_(20_November_2025),2018-02-13 11:25:35+00:00,Wikimedia_Indonesia/Kopdar_Wikimedia_Surabaya_20_November_2025_(20_November_2025),Kopdar Wikimedia Surabaya 20 November 2025,2025-11-19 22:00:00+00:00,Kopdar,2025-11-19 22:00:00+00:00,2836.4405671296295,Existing User,3,True
Esra Situmorang,Wikimedia_Indonesia/Wikilatih_Wikidata_Kehutanan_UNSRAT,2026-05-19 04:47:29+00:00,Wikimedia_Indonesia/Wikilatih_Wikidata_Kehutanan_UNSRAT,Wikilatih Wikidata Kehutanan UNSRAT,2026-05-20 22:00:00+00:00,Wikilatih,2026-05-20 22:00:00+00:00,1.7170254629629629,New User,1,False
Etewe,Wikimedia_Indonesia/Geodatathon_Desember_2025_-_Cadang,2024-11-26 12:14:31+00:00,Wikimedia_Indonesia/Geodatathon_Desember_2025_-_Cadang,Geodatathon Desember 2025 - Cadang,2025-12-19 17:00:00+00:00,Datathon,2025-12-19 17:00:00+00:00,388.1982523148148,Existing User,1,False
Euispangemanan,Wikimedia_Indonesia/Wikilatih_Wikidata_Kehutanan_UNSRAT,2026-05-19 03:40:33+00:00,Wikimedia_Indonesia/Wikilatih_Wikidata_Kehutanan_UNSRAT,Wikilatih Wikidata Kehutanan UNSRAT,2026-05-20 22:00:00+00:00,Wikilatih,2026-05-20 22:00:00+00:00,1.7635069444444444,New User,1,False
Eunike Potu,Wikimedia_Indonesia/Wikilatih_Wikidata_Kehutanan_UNSRAT,2026-05-19 04:55:17+00:00,Wikimedia_Indonesia/Wikilatih_Wikidata_Kehutanan_UNSRAT,Wikilatih Wikidata Kehutanan UNSRAT,2026-05-20 22:00:00+00:00,Wikilatih,2026-05-20 22:00:00+00:00,1.7116087962962963,New User,1,False
Exdhar,Wikimedia_Indonesia/Wikilatih_Wikidata_Madura_29_Maret,2024-04-19 13:04:54+00:00,Wikimedia_Indonesia/Wikilatih_Wikidata_Madura_29_Maret,Wikilatih Wikidata Madura 29 Maret,2026-03-28 22:00:00+00:00,Wikilatih,2026-03-28 22:00:00+00:00,708.3715972222222,Existing User,1,False
Faafgani,Wikimedia_Indonesia/Wikilatih_Wikidata_Daring_untuk_Akademisi,2022-04-21 01:16:15+00:00,Wikimedia_Indonesia/Wikilatih_Wikidata_Daring_untuk_Akademisi,Wikilatih Wikidata Daring untuk Akademisi,2025-12-18 22:00:00+00:00,Wikilatih,2025-12-18 22:00:00+00:00,1337.8637152777778,Existing User,1,False
Faariskhairrudin,Wikimedia_Indonesia/Wikilatih_WIkidata_Telkom_University_Oktober_2025,2025-10-04 02:37:41+00:00,Wikimedia_Indonesia/Wikilatih_WIkidata_Telkom_University_Oktober_2025,Wikilatih WIkidata Telkom University Oktober 2025,2025-10-03 22:00:00+00:00,Wikilatih,2025-10-03 22:00:00+00:00,-0.19283564814814816,New User,1,False
Faiz243,Wikimedia_Indonesia/Wikilatih_Wikidata_UISU_27_Oktober_2025,2025-10-27 03:05:09+00:00,Wikimedia_Indonesia/Wikilatih_Wikidata_UISU_27_Oktober_2025,Wikilatih Wikidata UISU 27 Oktober 2025,2025-10-26 23:00:00+00:00,Wikilatih,2025-10-26 23:00:00+00:00,-0.17024305555555555,New User,1,False
Fakhruddin Arrazzi,Wikimedia_Indonesia/Geodatathon_Agustus_2025,2019-10-06 14:51:42+00:00,Wikimedia_Indonesia/Geodatathon_Agustus_2025,Geodatathon Agustus 2025,2025-08-26 17:00:00+00:00,Datathon,2025-08-26 17:00:00+00:00,2151.0890972222223,Existing User,5,True
Fangtuah,Wikimedia_Indonesia/Wikilatih_Wikidata_Jakarta_31_Maret_2026,2026-03-31 07:47:30+00:00,Wikimedia_Indonesia/Wikilatih_Wikidata_Jakarta_31_Maret_2026,Wikilatih Wikidata Jakarta 31 Maret 2026,2026-03-30 22:00:00+00:00,Wikilatih,2026-03-30 22:00:00+00:00,-0.4079861111111111,New User,1,False
FaradillaLala12,Wikimedia_Indonesia/Wikilatih_Wikidata_Yogyakarta_2026,2026-04-26 03:17:51+00:00,Wikimedia_Indonesia/Wikilatih_Wikidata_Yogyakarta_2026,Wikilatih Wikidata Yogyakarta 2026,2026-04-25 22:00:00+00:00,Wikilatih,2026-04-25 22:00:00+00:00,-0.22072916666666667,New User,2,True
Fardhanzlf,Wikimedia_Indonesia/Geodatathon_Agustus_2025,2023-02-24 18:36:58+00:00,Wikimedia_Indonesia/Geodatathon_Agustus_2025,Geodatathon Agustus 2025,2025-08-26 17:00:00+00:00,Datathon,2025-08-26 17:00:00+00:00,913.9326620370371,Existing User,2,True
Fatma nizam92,Wikimedia_Indonesia/Geodatathon_Agustus_2025,2024-06-14 16:43:38+00:00,Wikimedia_Indonesia/Geodatathon_Agustus_2025,Geodatathon Agustus 2025,2025-08-26 17:00:00+00:00,Datathon,2025-08-26 17:00:00+00:00,438.01136574074076,Existing User,1,False
Fauzan Bimo,Wikimedia_Indonesia/Wikilatih_Wikidata_Yogyakarta_2026,2026-04-26 03:31:30+00:00,Wikimedia_Indonesia/Wikilatih_Wikidata_Yogyakarta_2026,Wikilatih Wikidata Yogyakarta 2026,2026-04-25 22:00:00+00:00,Wikilatih,2026-04-25 22:00:00+00:00,-0.23020833333333332,New User,1,False
Fauzanahsanudin,Wikimedia_Indonesia/Wikilatih_WIkidata_Telkom_University_Oktober_2025,2025-10-04 02:49:56+00:00,Wikimedia_Indonesia/Wikilatih_WIkidata_Telkom_University_Oktober_2025,Wikilatih WIkidata Telkom University Oktober 2025,2025-10-03 22:00:00+00:00,Wikilatih,2025-10-03 22:00:00+00:00,-0.2013425925925926,New User,1,False
Fazi Alfara,Wikimedia_Indonesia/Wikilatih_Wikidata_Yogyakarta_2026,2026-04-26 03:36:42+00:00,Wikimedia_Indonesia/Wikilatih_Wikidata_Yogyakarta_2026,Wikilatih Wikidata Yogyakarta 2026,2026-04-25 22:00:00+00:00,Wikilatih,2026-04-25 22:00:00+00:00,-0.23381944444444444,New User,1,False
Fhikri Latifi,Wikimedia_Indonesia/Wikilatih_Wikidata_Yogyakarta_2026,2024-07-13 11:48:22+00:00,Wikimedia_Indonesia/Wikilatih_Wikidata_Yogyakarta_2026,Wikilatih Wikidata Yogyakarta 2026,2026-04-25 22:00:00+00:00,Wikilatih,2026-04-25 22:00:00+00:00,651.4247453703704,Existing User,2,True
Finaniswatin,Wikimedia_Indonesia/Wikilatih_Wikidata_UNAIR_21_November_2025,2025-11-20 07:44:21+00:00,Wikimedia_Indonesia/Wikilatih_Wikidata_UNAIR_21_November_2025,Wikilatih Wikidata UNAIR 21 November 2025,2025-11-20 22:00:00+00:00,Wikilatih,2025-11-20 22:00:00+00:00,0.5942013888888888,New User,1,False
Firlygreselda,Wikimedia_Indonesia/Wikilatih_Wikidata_UNAIR_21_November_2025,2025-11-20 04:40:25+00:00,Wikimedia_Indonesia/Wikilatih_Wikidata_UNAIR_21_November_2025,Wikilatih Wikidata UNAIR 21 November 2025,2025-11-20 22:00:00+00:00,Wikilatih,2025-11-20 22:00:00+00:00,0.7219328703703703,New User,1,False
Firman Rusda,Wikimedia_Indonesia/Kopdar_Wikidata_Padang_24_Mei_2026,2025-05-21 14:30:49+00:00,Wikimedia_Indonesia/Kopdar_Wikidata_Padang_24_Mei_2026,Kopdar Wikidata Padang 24 Mei 2026,2026-05-23 22:00:00+00:00,Kopdar,2026-05-23 22:00:00+00:00,367.31193287037036,Existing User,1,False
Fishynila,Wikimedia_Indonesia/Kopdar_Wikidata_Malang_5_Desember_2025,2024-10-15 12:47:03+00:00,Wikimedia_Indonesia/Kopdar_Wikidata_Malang_5_Desember_2025,Kopdar Wikidata Malang 5 Desember 2025,2025-12-04 22:00:00+00:00,Kopdar,2025-12-04 22:00:00+00:00,415.38399305555555,Existing User,1,False
Fivi Syahfitri,Wikimedia_Indonesia/Wikilatih_Wikidata_BPS_Sumut,2025-12-23 08:17:45+00:00,Wikimedia_Indonesia/Wikilatih_Wikidata_BPS_Sumut,Wikilatih Wikidata BPS Sumut,2026-01-09 22:00:00+00:00,Wikilatih,2026-01-09 22:00:00+00:00,17.571006944444445,Existing User,1,False
Fransscoo01,Wikimedia_Indonesia/Wikilatih_Wikidata_Palembang_21_Juni_2026,2026-06-20 03:07:39+00:00,Wikimedia_Indonesia/Wikilatih_Wikidata_Palembang_21_Juni_2026,Wikilatih Wikidata Palembang 21 Juni 2026,2026-06-20 22:00:00+00:00,Wikilatih,2026-06-20 22:00:00+00:00,0.7863541666666667,New User,1,False
Frenwin,Wikimedia_Indonesia/Wikilatih_WIkidata_Telkom_University_Oktober_2025,2025-10-03 06:17:29+00:00,Wikimedia_Indonesia/Wikilatih_WIkidata_Telkom_University_Oktober_2025,Wikilatih WIkidata Telkom University Oktober 2025,2025-10-03 22:00:00+00:00,Wikilatih,2025-10-03 22:00:00+00:00,0.654525462962963,New User,1,False
Gadis kecil imut,Wikimedia_Indonesia/Wikilatih_Wikidata_UISU_27_Oktober_2025,2025-10-27 02:35:16+00:00,Wikimedia_Indonesia/Wikilatih_Wikidata_UISU_27_Oktober_2025,Wikilatih Wikidata UISU 27 Oktober 2025,2025-10-26 23:00:00+00:00,Wikilatih,2025-10-26 23:00:00+00:00,-0.14949074074074073,New User,1,False
Gemoy emes,Wikimedia_Indonesia/Kopdar_Wikidata_Daluring_Jambi_x_Jakarta_Januari_2025,2025-12-21 09:23:11+00:00,Wikimedia_Indonesia/Kopdar_Wikidata_Daluring_Jambi_x_Jakarta_Januari_2025,Kopdar Wikidata Daluring Jambi x Jakarta Januari 2025,2026-01-24 22:00:00+00:00,Kopdar,2026-01-24 22:00:00+00:00,34.52556712962963,Existing User,1,False
GilangCahyo,Wikimedia_Indonesia/Wikilatih_Wikidata_Yogyakarta_2026,2024-01-18 14:41:40+00:00,Wikimedia_Indonesia/Wikilatih_Wikidata_Yogyakarta_2026,Wikilatih Wikidata Yogyakarta 2026,2026-04-25 22:00:00+00:00,Wikilatih,2026-04-25 22:00:00+00:00,828.3043981481482,Existing User,1,False
Glize with,Wikimedia_Indonesia/Wikilatih_Wikidata_Jakarta_31_Maret_2026,2026-03-31 07:57:58+00:00,Wikimedia_Indonesia/Wikilatih_Wikidata_Jakarta_31_Maret_2026,Wikilatih Wikidata Jakarta 31 Maret 2026,2026-03-30 22:00:00+00:00,Wikilatih,2026-03-30 22:00:00+00:00,-0.4152546296296296,New User,1,False
Goldyfauhn,Wikimedia_Indonesia/Wikilatih_Wikidata_Daring_untuk_Akademisi,2025-12-15 10:43:40+00:00,Wikimedia_Indonesia/Wikilatih_Wikidata_Daring_untuk_Akademisi,Wikilatih Wikidata Daring untuk Akademisi,2025-12-18 22:00:00+00:00,Wikilatih,2025-12-18 22:00:00+00:00,3.4696759259259258,New User,2,True
Hainisyaf,Wikimedia_Indonesia/Wikilatih_Wikidata_Madura_29_Maret,2024-03-03 03:50:26+00:00,Wikimedia_Indonesia/Wikilatih_Wikidata_Madura_29_Maret,Wikilatih Wikidata Madura 29 Maret,2026-03-28 22:00:00+00:00,Wikilatih,2026-03-28 22:00:00+00:00,755.7566435185186,Existing User,1,False
Hakim Abimanyu,Wikimedia_Indonesia/Kopdar_Wikidata_Malang_5_Desember_2025,2025-10-05 15:37:17+00:00,Wikimedia_Indonesia/Kopdar_Wikidata_Malang_5_Desember_2025,Kopdar Wikidata Malang 5 Desember 2025,2025-12-04 22:00:00+00:00,Kopdar,2025-12-04 22:00:00+00:00,60.265775462962964,Existing User,1,False
Hanakupi,Wikimedia_Indonesia/Wikilatih_Wikidata_BPS_Sumut,2025-10-26 03:13:29+00:00,Wikimedia_Indonesia/Wikilatih_Wikidata_BPS_Sumut,Wikilatih Wikidata BPS Sumut,2026-01-09 22:00:00+00:00,Wikilatih,2026-01-09 22:00:00+00:00,75.78230324074075,Existing User,1,False
Hanifimaduddin,Wikimedia_Indonesia/Wikilatih_WIkidata_Telkom_University_Oktober_2025,2025-10-03 22:09:12+00:00,Wikimedia_Indonesia/Wikilatih_WIkidata_Telkom_University_Oktober_2025,Wikilatih WIkidata Telkom University Oktober 2025,2025-10-03 22:00:00+00:00,Wikilatih,2025-10-03 22:00:00+00:00,-0.006388888888888889,New User,1,False
Happywu,Wikimedia_Indonesia/Kopdar_Wikidata_Padang_15_November_2025,2023-12-07 15:52:47+00:00,Wikimedia_Indonesia/Kopdar_Wikidata_Padang_15_November_2025,Kopdar Wikidata Padang 15 November 2025,2025-11-14 23:00:00+00:00,Kopdar,2025-11-14 23:00:00+00:00,708.2966782407408,Existing User,3,True
Haqqulyaqiin,Wikimedia_Indonesia/Wikilatih_Wikidata_UNAIR_21_November_2025,2025-11-20 13:26:54+00:00,Wikimedia_Indonesia/Wikilatih_Wikidata_UNAIR_21_November_2025,Wikilatih Wikidata UNAIR 21 November 2025,2025-11-20 22:00:00+00:00,Wikilatih,2025-11-20 22:00:00+00:00,0.35631944444444447,New User,1,False
Harisyr20,Wikimedia_Indonesia/Wikilatih_Wikidata_Daring_untuk_Akademisi,,Wikimedia_Indonesia/Wikilatih_Wikidata_Daring_untuk_Akademisi,Wikilatih Wikidata Daring untuk Akademisi,2025-12-18 22:00:00+00:00,Wikilatih,2025-12-18 22:00:00+00:00,,Existing User,1,False
Harmawanto,Wikimedia_Indonesia/Kopdar_Wikidata_Malang_5_Desember_2025,2025-12-03 12:56:12+00:00,Wikimedia_Indonesia/Kopdar_Wikidata_Malang_5_Desember_2025,Kopdar Wikidata Malang 5 Desember 2025,2025-12-04 22:00:00+00:00,Kopdar,2025-12-04 22:00:00+00:00,1.3776388888888889,New User,1,False
Hasnanf,Wikimedia_Indonesia/Geodatathon_Agustus_2025,2022-11-03 11:45:07+00:00,Wikimedia_Indonesia/Geodatathon_Agustus_2025,Geodatathon Agustus 2025,2025-08-26 17:00:00+00:00,Datathon,2025-08-26 17:00:00+00:00,1027.2186689814814,Existing User,4,True
Hetha23,Wikimedia_Indonesia/Wikilatih_Wikidata_BRIN,2026-03-03 01:40:26+00:00,Wikimedia_Indonesia/Wikilatih_Wikidata_BRIN,Wikilatih Wikidata BRIN,2026-03-02 22:00:00+00:00,Wikilatih,2026-03-02 22:00:00+00:00,-0.15307870370370372,New User,1,False
Hibscolony,Wikimedia_Indonesia/Wikilatih_WIkidata_Telkom_University_Oktober_2025,2025-10-04 02:45:17+00:00,Wikimedia_Indonesia/Wikilatih_WIkidata_Telkom_University_Oktober_2025,Wikilatih WIkidata Telkom University Oktober 2025,2025-10-03 22:00:00+00:00,Wikilatih,2025-10-03 22:00:00+00:00,-0.19811342592592593,New User,1,False
Hirahusnul,Wikimedia_Indonesia/Geodatathon_Desember_2025_-_Cadang,2025-11-08 14:05:24+00:00,Wikimedia_Indonesia/Geodatathon_Desember_2025_-_Cadang,Geodatathon Desember 2025 - Cadang,2025-12-19 17:00:00+00:00,Datathon,2025-12-19 17:00:00+00:00,41.12125,Existing User,1,False
Hypothetical Journey,Wikimedia_Indonesia/Wikilatih_Wikidata_Palembang_21_Juni_2026,2026-06-19 12:01:45+00:00,Wikimedia_Indonesia/Wikilatih_Wikidata_Palembang_21_Juni_2026,Wikilatih Wikidata Palembang 21 Juni 2026,2026-06-20 22:00:00+00:00,Wikilatih,2026-06-20 22:00:00+00:00,1.4154513888888889,New User,1,False
Hzu Hzu,Wikimedia_Indonesia/Kopdar_Wikidata_Jakarta_14_Desember_2025_(14_Desember_2025),2024-05-12 01:10:20+00:00,Wikimedia_Indonesia/Kopdar_Wikidata_Jakarta_14_Desember_2025_(14_Desember_2025),Kopdar Wikidata Jakarta 14 Desember 2025,2025-12-13 15:00:00+00:00,Kopdar,2025-12-13 15:00:00+00:00,580.5761574074074,Existing User,1,False
Ibrohim tijani,Wikimedia_Indonesia/Geodatathon_Desember_2025_-_Cadang,2025-10-25 12:20:55+00:00,Wikimedia_Indonesia/Geodatathon_Desember_2025_-_Cadang,Geodatathon Desember 2025 - Cadang,2025-12-19 17:00:00+00:00,Datathon,2025-12-19 17:00:00+00:00,55.19380787037037,Existing User,2,True
Icayunisarm,Wikimedia_Indonesia/Wikilatih_Wikidata_Padang_18_Januari_2025,2025-05-29 04:14:06+00:00,Wikimedia_Indonesia/Wikilatih_Wikidata_Padang_18_Januari_2025,Wikilatih Wikidata Padang 18 Januari 2025,2026-01-17 22:00:00+00:00,Wikilatih,2026-01-17 22:00:00+00:00,233.74020833333333,Existing User,1,False
Ifanach,Wikimedia_Indonesia/Wikilatih_Wikidata_Banjarnegara,2026-04-19 03:00:31+00:00,Wikimedia_Indonesia/Wikilatih_Wikidata_Banjarnegara,Wikilatih Wikidata Banjarnegara,2026-04-18 22:00:00+00:00,Wikilatih,2026-04-18 22:00:00+00:00,-0.20869212962962963,New User,1,False
Ika Y. Suryadi,Wikimedia_Indonesia/Kopdar_Wikidata_Daluring_Jambi_x_Jakarta_Januari_2025,2023-01-12 02:41:15+00:00,Wikimedia_Indonesia/Kopdar_Wikidata_Daluring_Jambi_x_Jakarta_Januari_2025,Kopdar Wikidata Daluring Jambi x Jakarta Januari 2025,2026-01-24 22:00:00+00:00,Kopdar,2026-01-24 22:00:00+00:00,1108.8046875,Existing User,1,False
Ikanarwana,Wikimedia_Indonesia/Wikilatih_Wikidata_BRIN,2026-03-02 02:17:37+00:00,Wikimedia_Indonesia/Wikilatih_Wikidata_BRIN,Wikilatih Wikidata BRIN,2026-03-02 22:00:00+00:00,Wikilatih,2026-03-02 22:00:00+00:00,0.8210995370370371,New User,1,False
Ilham245,Wikimedia_Indonesia/Wikilatih_Wikidata_UISU_27_Oktober_2025,2025-10-26 16:33:39+00:00,Wikimedia_Indonesia/Wikilatih_Wikidata_UISU_27_Oktober_2025,Wikilatih Wikidata UISU 27 Oktober 2025,2025-10-26 23:00:00+00:00,Wikilatih,2025-10-26 23:00:00+00:00,0.2682986111111111,New User,1,False
Iluvtari,Wikimedia_Indonesia/Kopdar_Wikidata_Daluring_Jambi_x_Jakarta_Januari_2025,2025-05-26 08:48:44+00:00,Wikimedia_Indonesia/Kopdar_Wikidata_Daluring_Jambi_x_Jakarta_Januari_2025,Kopdar Wikidata Daluring Jambi x Jakarta Januari 2025,2026-01-24 22:00:00+00:00,Kopdar,2026-01-24 22:00:00+00:00,243.54949074074074,Existing User,1,False
Inagus,Wikimedia_Indonesia/Geodatathon_Desember_2025_-_Cadang,2019-11-02 07:52:08+00:00,Wikimedia_Indonesia/Geodatathon_Desember_2025_-_Cadang,Geodatathon Desember 2025 - Cadang,2025-12-19 17:00:00+00:00,Datathon,2025-12-19 17:00:00+00:00,2239.380462962963,Existing User,1,False
Inivirli,Wikimedia_Indonesia/Wikilatih_Wikidata_Semarang_21_Juni_2026,2026-06-20 03:41:07+00:00,Wikimedia_Indonesia/Wikilatih_Wikidata_Semarang_21_Juni_2026,Wikilatih Wikidata Semarang 21 Juni 2026,2026-06-20 23:00:00+00:00,Wikilatih,2026-06-20 23:00:00+00:00,0.8047800925925926,New User,1,False
Iripseudocorus,Wikimedia_Indonesia/Geodatathon_Agustus_2025,2023-11-13 09:21:35+00:00,Wikimedia_Indonesia/Geodatathon_Agustus_2025,Geodatathon Agustus 2025,2025-08-26 17:00:00+00:00,Datathon,2025-08-26 17:00:00+00:00,652.3183449074074,Existing User,2,True
Jaen19680519,Wikimedia_Indonesia/Wikilatih_Wikidata_BRIN,2026-03-03 02:07:11+00:00,Wikimedia_Indonesia/Wikilatih_Wikidata_BRIN,Wikilatih Wikidata BRIN,2026-03-02 22:00:00+00:00,Wikilatih,2026-03-02 22:00:00+00:00,-0.1716550925925926,New User,1,False
Jaka hb,Wikimedia_Indonesia/Wikilatih_Wikidata_IDJN,2025-08-27 09:16:10+00:00,Wikimedia_Indonesia/Wikilatih_Wikidata_IDJN,Wikilatih Wikidata IDJN,2025-08-28 22:00:00+00:00,Wikilatih,2025-08-28 22:00:00+00:00,1.5304398148148148,New User,1,False
Jania Elysia,Wikimedia_Indonesia/Wikilatih_Wikidata_UNAIR_21_November_2025,2025-11-20 07:13:22+00:00,Wikimedia_Indonesia/Wikilatih_Wikidata_UNAIR_21_November_2025,Wikilatih Wikidata UNAIR 21 November 2025,2025-11-20 22:00:00+00:00,Wikilatih,2025-11-20 22:00:00+00:00,0.6157175925925926,New User,1,False
Jannah N. Azizah,Wikimedia_Indonesia/Wikilatih_Wikidata_Semarang_21_Juni_2026,2026-06-19 09:23:14+00:00,Wikimedia_Indonesia/Wikilatih_Wikidata_Semarang_21_Juni_2026,Wikilatih Wikidata Semarang 21 Juni 2026,2026-06-20 23:00:00+00:00,Wikilatih,2026-06-20 23:00:00+00:00,1.567199074074074,New User,1,False
Javier Ihsan,Wikimedia_Indonesia/Wikilatih_Wikidata_UNAIR_21_November_2025,2025-11-20 12:09:41+00:00,Wikimedia_Indonesia/Wikilatih_Wikidata_UNAIR_21_November_2025,Wikilatih Wikidata UNAIR 21 November 2025,2025-11-20 22:00:00+00:00,Wikilatih,2025-11-20 22:00:00+00:00,0.4099421296296296,New User,1,False
Jebbzz,Wikimedia_Indonesia/Wikilatih_WIkidata_Telkom_University_Oktober_2025,2025-10-03 06:27:07+00:00,Wikimedia_Indonesia/Wikilatih_WIkidata_Telkom_University_Oktober_2025,Wikilatih WIkidata Telkom University Oktober 2025,2025-10-03 22:00:00+00:00,Wikilatih,2025-10-03 22:00:00+00:00,0.6478356481481482,New User,1,False
Joejoe354,Wikimedia_Indonesia/Wikilatih_Wikidata_UISU_27_Oktober_2025,2025-10-27 03:34:00+00:00,Wikimedia_Indonesia/Wikilatih_Wikidata_UISU_27_Oktober_2025,Wikilatih Wikidata UISU 27 Oktober 2025,2025-10-26 23:00:00+00:00,Wikilatih,2025-10-26 23:00:00+00:00,-0.19027777777777777,New User,1,False
Johnstad Di Maria,Wikimedia_Indonesia/Kopdar_Wikidata_Bandung_Oktober_2025,2016-06-30 06:34:02+00:00,Wikimedia_Indonesia/Kopdar_Wikidata_Bandung_Oktober_2025,Kopdar Wikidata Bandung Oktober 2025,2025-10-03 22:00:00+00:00,Kopdar,2025-10-03 22:00:00+00:00,3382.643032407407,Existing User,2,True
JumadilM,Wikimedia_Indonesia/Geodatathon_Agustus_2025,2019-12-15 13:25:14+00:00,Wikimedia_Indonesia/Geodatathon_Agustus_2025,Geodatathon Agustus 2025,2025-08-26 17:00:00+00:00,Datathon,2025-08-26 17:00:00+00:00,2081.1491435185185,Existing User,1,False
Juragan Sembako,Wikimedia_Indonesia/Kopdar_Wikidata_Bandung_7_Juni_2026,2025-06-18 16:20:59+00:00,Wikimedia_Indonesia/Kopdar_Wikidata_Bandung_7_Juni_2026,Kopdar Wikidata Bandung 7 Juni 2026,2026-06-06 22:00:00+00:00,Kopdar,2026-06-06 22:00:00+00:00,353.23542824074076,Existing User,1,False
Kangwikii,Wikimedia_Indonesia/Wikilatih_Wikidata_Daring_untuk_Akademisi,2025-08-22 19:04:09+00:00,Wikimedia_Indonesia/Wikilatih_Wikidata_Daring_untuk_Akademisi,Wikilatih Wikidata Daring untuk Akademisi,2025-12-18 22:00:00+00:00,Wikilatih,2025-12-18 22:00:00+00:00,118.12211805555556,Existing User,1,False
Kanzcech,Wikimedia_Indonesia/Kopdar_Wikimedia_Surabaya_20_November_2025_(20_November_2025),2018-08-02 05:44:39+00:00,Wikimedia_Indonesia/Kopdar_Wikimedia_Surabaya_20_November_2025_(20_November_2025),Kopdar Wikimedia Surabaya 20 November 2025,2025-11-19 22:00:00+00:00,Kopdar,2025-11-19 22:00:00+00:00,2666.677326388889,Existing User,2,True
Kazushiki,Wikimedia_Indonesia/Wikilatih_Wikidata_Kehutanan_UNSRAT,2026-05-20 22:06:28+00:00,Wikimedia_Indonesia/Wikilatih_Wikidata_Kehutanan_UNSRAT,Wikilatih Wikidata Kehutanan UNSRAT,2026-05-20 22:00:00+00:00,Wikilatih,2026-05-20 22:00:00+00:00,-0.0044907407407407405,New User,1,False
Kepin123,Wikimedia_Indonesia/Wikilatih_Wikidata_Banjarnegara,2026-04-20 04:29:20+00:00,Wikimedia_Indonesia/Wikilatih_Wikidata_Banjarnegara,Wikilatih Wikidata Banjarnegara,2026-04-18 22:00:00+00:00,Wikilatih,2026-04-18 22:00:00+00:00,-1.2703703703703704,New User,1,False
Kevinnathaneal123,Wikimedia_Indonesia/Wikilatih_Wikidata_UNAIR_21_November_2025,2025-11-20 04:41:17+00:00,Wikimedia_Indonesia/Wikilatih_Wikidata_UNAIR_21_November_2025,Wikilatih Wikidata UNAIR 21 November 2025,2025-11-20 22:00:00+00:00,Wikilatih,2025-11-20 22:00:00+00:00,0.7213310185185186,New User,1,False
Kfyaa,Wikimedia_Indonesia/Wikilatih_Wikidata_Banjarnegara,2023-04-15 13:18:26+00:00,Wikimedia_Indonesia/Wikilatih_Wikidata_Banjarnegara,Wikilatih Wikidata Banjarnegara,2026-04-18 22:00:00+00:00,Wikilatih,2026-04-18 22:00:00+00:00,1099.3621990740742,Existing User,1,False
KhalifaR5,Wikimedia_Indonesia/Wikilatih_Wikidata_Semarang_21_Juni_2026,2026-06-21 03:30:16+00:00,Wikimedia_Indonesia/Wikilatih_Wikidata_Semarang_21_Juni_2026,Wikilatih Wikidata Semarang 21 Juni 2026,2026-06-20 23:00:00+00:00,Wikilatih,2026-06-20 23:00:00+00:00,-0.18768518518518518,New User,1,False
Khalila Wafa Fadhila,Wikimedia_Indonesia/Wikilatih_Wikidata_Semarang_21_Juni_2026,2026-06-20 03:35:28+00:00,Wikimedia_Indonesia/Wikilatih_Wikidata_Semarang_21_Juni_2026,Wikilatih Wikidata Semarang 21 Juni 2026,2026-06-20 23:00:00+00:00,Wikilatih,2026-06-20 23:00:00+00:00,0.8087037037037037,New User,1,False
Khuluqul afyz,Wikimedia_Indonesia/Wikilatih_Wikidata_Banjarnegara,2026-04-18 17:49:55+00:00,Wikimedia_Indonesia/Wikilatih_Wikidata_Banjarnegara,Wikilatih Wikidata Banjarnegara,2026-04-18 22:00:00+00:00,Wikilatih,2026-04-18 22:00:00+00:00,0.1736689814814815,New User,1,False
Kiaryabagusadiwardana,Wikimedia_Indonesia/Wikilatih_Wikidata_Daring_untuk_Akademisi,2024-12-30 10:37:10+00:00,Wikimedia_Indonesia/Wikilatih_Wikidata_Daring_untuk_Akademisi,Wikilatih Wikidata Daring untuk Akademisi,2025-12-18 22:00:00+00:00,Wikilatih,2025-12-18 22:00:00+00:00,353.4741898148148,Existing User,2,True
KikiFajrianty09,Wikimedia_Indonesia/Wikilatih_Wikidata_Kehutanan_UNSRAT,2026-05-19 04:01:45+00:00,Wikimedia_Indonesia/Wikilatih_Wikidata_Kehutanan_UNSRAT,Wikilatih Wikidata Kehutanan UNSRAT,2026-05-20 22:00:00+00:00,Wikilatih,2026-05-20 22:00:00+00:00,1.7487847222222221,New User,1,False
Kolaktape,Wikimedia_Indonesia/Wikilatih_Wikidata_BRIN,2026-03-03 02:01:25+00:00,Wikimedia_Indonesia/Wikilatih_Wikidata_BRIN,Wikilatih Wikidata BRIN,2026-03-02 22:00:00+00:00,Wikilatih,2026-03-02 22:00:00+00:00,-0.16765046296296296,New User,1,False
Kreasipenaikhwan,Wikimedia_Indonesia/Kopdar_Wikidata_Daluring_Jambi_x_Jakarta_Januari_2025,2026-01-15 09:56:53+00:00,Wikimedia_Indonesia/Kopdar_Wikidata_Daluring_Jambi_x_Jakarta_Januari_2025,Kopdar Wikidata Daluring Jambi x Jakarta Januari 2025,2026-01-24 22:00:00+00:00,Kopdar,2026-01-24 22:00:00+00:00,9.502164351851851,Existing User,1,False
Kresnaidjn,Wikimedia_Indonesia/Wikilatih_Wikidata_IDJN,2025-08-27 02:43:47+00:00,Wikimedia_Indonesia/Wikilatih_Wikidata_IDJN,Wikilatih Wikidata IDJN,2025-08-28 22:00:00+00:00,Wikilatih,2025-08-28 22:00:00+00:00,1.8029282407407408,New User,1,False
Kume Gucci,Wikimedia_Indonesia/Datathon_Musik_Indonesia,2024-06-08 06:58:38+00:00,Wikimedia_Indonesia/Datathon_Musik_Indonesia,Datathon Musik Indonesia,2026-01-28 17:00:00+00:00,Datathon,2026-01-28 17:00:00+00:00,599.4176157407408,Existing User,1,False
Kupunyadata,Wikimedia_Indonesia/Wikilatih_Wikidata_BRIN,2026-03-02 01:45:22+00:00,Wikimedia_Indonesia/Wikilatih_Wikidata_BRIN,Wikilatih Wikidata BRIN,2026-03-02 22:00:00+00:00,Wikilatih,2026-03-02 22:00:00+00:00,0.8434953703703704,New User,1,False
Kylie latte,Wikimedia_Indonesia/Wikilatih_Wikidata_UISU_27_Oktober_2025,2025-10-26 22:54:03+00:00,Wikimedia_Indonesia/Wikilatih_Wikidata_UISU_27_Oktober_2025,Wikilatih Wikidata UISU 27 Oktober 2025,2025-10-26 23:00:00+00:00,Wikilatih,2025-10-26 23:00:00+00:00,0.004131944444444444,New User,1,False
LadyAyasophia,Wikimedia_Indonesia/Wikilatih_Wikidata_Daring_untuk_Akademisi,2025-12-15 03:56:59+00:00,Wikimedia_Indonesia/Wikilatih_Wikidata_Daring_untuk_Akademisi,Wikilatih Wikidata Daring untuk Akademisi,2025-12-18 22:00:00+00:00,Wikilatih,2025-12-18 22:00:00+00:00,3.7520949074074075,New User,2,True
Laila Nasution,Wikimedia_Indonesia/Wikilatih_Wikidata_Padang_18_Januari_2025,2025-09-09 11:29:44+00:00,Wikimedia_Indonesia/Wikilatih_Wikidata_Padang_18_Januari_2025,Wikilatih Wikidata Padang 18 Januari 2025,2026-01-17 22:00:00+00:00,Wikilatih,2026-01-17 22:00:00+00:00,130.4376851851852,Existing User,2,True
Lany pirna,Wikimedia_Indonesia/Kopdar_Wikidata_Bandung_Oktober_2025,2018-12-10 07:56:46+00:00,Wikimedia_Indonesia/Kopdar_Wikidata_Bandung_Oktober_2025,Kopdar Wikidata Bandung Oktober 2025,2025-10-03 22:00:00+00:00,Kopdar,2025-10-03 22:00:00+00:00,2489.5855787037035,Existing User,1,False
Lawangsewu,Wikimedia_Indonesia/Wikilatih_Wikidata_BRIN,2026-03-03 01:57:43+00:00,Wikimedia_Indonesia/Wikilatih_Wikidata_BRIN,Wikilatih Wikidata BRIN,2026-03-02 22:00:00+00:00,Wikilatih,2026-03-02 22:00:00+00:00,-0.16508101851851853,New User,1,False
Lembayung Indah,Wikimedia_Indonesia/Geodatathon_Agustus_2025,2024-01-19 00:41:37+00:00,Wikimedia_Indonesia/Geodatathon_Agustus_2025,Geodatathon Agustus 2025,2025-08-26 17:00:00+00:00,Datathon,2025-08-26 17:00:00+00:00,585.6794328703704,Existing User,1,False
Lemonwithices,Wikimedia_Indonesia/Geodatathon_Desember_2025_-_Cadang,2025-07-13 03:04:11+00:00,Wikimedia_Indonesia/Geodatathon_Desember_2025_-_Cadang,Geodatathon Desember 2025 - Cadang,2025-12-19 17:00:00+00:00,Datathon,2025-12-19 17:00:00+00:00,159.58042824074073,Existing User,2,True
Lim Natee,Wikimedia_Indonesia/Wikilatih_Wikidata_BPS_Sumut,2021-06-16 18:11:08+00:00,Wikimedia_Indonesia/Wikilatih_Wikidata_BPS_Sumut,Wikilatih Wikidata BPS Sumut,2026-01-09 22:00:00+00:00,Wikilatih,2026-01-09 22:00:00+00:00,1668.158935185185,Existing User,1,False
LisdaRahayu,Wikimedia_Indonesia/Wikilatih_Wikidata_BRIN,2026-03-02 04:25:58+00:00,Wikimedia_Indonesia/Wikilatih_Wikidata_BRIN,Wikilatih Wikidata BRIN,2026-03-02 22:00:00+00:00,Wikilatih,2026-03-02 22:00:00+00:00,0.7319675925925926,New User,1,False
Lnahdiya,Wikimedia_Indonesia/Geodatathon_Agustus_2025,2019-05-20 15:14:58+00:00,Wikimedia_Indonesia/Geodatathon_Agustus_2025,Geodatathon Agustus 2025,2025-08-26 17:00:00+00:00,Datathon,2025-08-26 17:00:00+00:00,2290.0729398148146,Existing User,1,False
Losstreak,Wikimedia_Indonesia/Wikilatih_Wikidata_Bangka_Belitung_Januari_2026,2022-11-21 07:22:21+00:00,Wikimedia_Indonesia/Wikilatih_Wikidata_Bangka_Belitung_Januari_2026,Wikilatih Wikidata Bangka Belitung Januari 2026,2026-01-17 22:00:00+00:00,Wikilatih,2026-01-17 22:00:00+00:00,1153.6094791666667,Existing User,1,False
Lu'lu' Yolanda Putri,Wikimedia_Indonesia/Wikilatih_Wikidata_BPS_Sumut,2025-10-24 00:45:47+00:00,Wikimedia_Indonesia/Wikilatih_Wikidata_BPS_Sumut,Wikilatih Wikidata BPS Sumut,2026-01-09 22:00:00+00:00,Wikilatih,2026-01-09 22:00:00+00:00,77.88487268518519,Existing User,1,False
Lylyblee,Wikimedia_Indonesia/Wikilatih_Wikidata_Bangka_Belitung_Januari_2026,2026-01-12 16:01:04+00:00,Wikimedia_Indonesia/Wikilatih_Wikidata_Bangka_Belitung_Januari_2026,Wikilatih Wikidata Bangka Belitung Januari 2026,2026-01-17 22:00:00+00:00,Wikilatih,2026-01-17 22:00:00+00:00,5.249259259259259,New User,1,False
MEI-mei07,Wikimedia_Indonesia/Wikilatih_Wikidata_UISU_27_Oktober_2025,2025-10-27 03:35:53+00:00,Wikimedia_Indonesia/Wikilatih_Wikidata_UISU_27_Oktober_2025,Wikilatih Wikidata UISU 27 Oktober 2025,2025-10-26 23:00:00+00:00,Wikilatih,2025-10-26 23:00:00+00:00,-0.19158564814814816,New User,1,False
Mafizi Shadow,Wikimedia_Indonesia/Wikilatih_Wikidata_BPS_Sumut,2025-12-29 01:25:37+00:00,Wikimedia_Indonesia/Wikilatih_Wikidata_BPS_Sumut,Wikilatih Wikidata BPS Sumut,2026-01-09 22:00:00+00:00,Wikilatih,2026-01-09 22:00:00+00:00,11.857210648148149,Existing User,1,False
Malaa98,Wikimedia_Indonesia/Wikilatih_Wikidata_Madura_29_Maret,2026-03-15 09:16:21+00:00,Wikimedia_Indonesia/Wikilatih_Wikidata_Madura_29_Maret,Wikilatih Wikidata Madura 29 Maret,2026-03-28 22:00:00+00:00,Wikilatih,2026-03-28 22:00:00+00:00,13.5303125,Existing User,1,False
Mandai Imut,Wikimedia_Indonesia/Kopdar_Wikidata_Malang_5_Desember_2025,2025-03-07 05:51:34+00:00,Wikimedia_Indonesia/Kopdar_Wikidata_Malang_5_Desember_2025,Kopdar Wikidata Malang 5 Desember 2025,2025-12-04 22:00:00+00:00,Kopdar,2025-12-04 22:00:00+00:00,272.6725231481482,Existing User,1,False
Mangusuyuppp1,Wikimedia_Indonesia/Wikilatih_Wikidata_Jakarta_31_Maret_2026,2026-03-31 07:44:54+00:00,Wikimedia_Indonesia/Wikilatih_Wikidata_Jakarta_31_Maret_2026,Wikilatih Wikidata Jakarta 31 Maret 2026,2026-03-30 22:00:00+00:00,Wikilatih,2026-03-30 22:00:00+00:00,-0.40618055555555554,New User,1,False
Mareginak,Wikimedia_Indonesia/Wikilatih_Wikidata_BRIN,2026-03-03 01:24:29+00:00,Wikimedia_Indonesia/Wikilatih_Wikidata_BRIN,Wikilatih Wikidata BRIN,2026-03-02 22:00:00+00:00,Wikilatih,2026-03-02 22:00:00+00:00,-0.14200231481481482,New User,1,False
Mariefrahman1,Wikimedia_Indonesia/Wikilatih_Wikidata_Palembang_21_Juni_2026,2026-06-18 06:32:10+00:00,Wikimedia_Indonesia/Wikilatih_Wikidata_Palembang_21_Juni_2026,Wikilatih Wikidata Palembang 21 Juni 2026,2026-06-20 22:00:00+00:00,Wikilatih,2026-06-20 22:00:00+00:00,2.6443287037037035,New User,1,False
Marveljeremia,Wikimedia_Indonesia/Wikilatih_Wikidata_UNAIR_21_November_2025,2025-11-20 04:21:30+00:00,Wikimedia_Indonesia/Wikilatih_Wikidata_UNAIR_21_November_2025,Wikilatih Wikidata UNAIR 21 November 2025,2025-11-20 22:00:00+00:00,Wikilatih,2025-11-20 22:00:00+00:00,0.7350694444444444,New User,1,False
Matchabiya,Wikimedia_Indonesia/Wikilatih_Wikidata_Palembang_21_Juni_2026,2026-06-21 03:32:54+00:00,Wikimedia_Indonesia/Wikilatih_Wikidata_Palembang_21_Juni_2026,Wikilatih Wikidata Palembang 21 Juni 2026,2026-06-20 22:00:00+00:00,Wikilatih,2026-06-20 22:00:00+00:00,-0.23118055555555556,New User,1,False
Maulana Iman Al Farizi,Wikimedia_Indonesia/Wikilatih_Wikidata_UISU_27_Oktober_2025,2025-10-27 03:06:32+00:00,Wikimedia_Indonesia/Wikilatih_Wikidata_UISU_27_Oktober_2025,Wikilatih Wikidata UISU 27 Oktober 2025,2025-10-26 23:00:00+00:00,Wikilatih,2025-10-26 23:00:00+00:00,-0.1712037037037037,New User,1,False
Maulana N Iz,Wikimedia_Indonesia/Kopdar_Wikidata_Yogyakarta_24_Mei_2026,2025-05-12 03:34:39+00:00,Wikimedia_Indonesia/Kopdar_Wikidata_Yogyakarta_24_Mei_2026,Kopdar Wikidata Yogyakarta 24 Mei 2026,2026-05-23 22:00:00+00:00,Kopdar,2026-05-23 22:00:00+00:00,376.7676041666667,Existing User,1,False
Mbupipaupi,Wikimedia_Indonesia/Kopdar_Wikidata_Bandung_Oktober_2025,2025-09-29 15:28:14+00:00,Wikimedia_Indonesia/Kopdar_Wikidata_Bandung_Oktober_2025,Kopdar Wikidata Bandung Oktober 2025,2025-10-03 22:00:00+00:00,Kopdar,2025-10-03 22:00:00+00:00,4.272060185185185,New User,1,False
Mechaenjoyed,Wikimedia_Indonesia/Kopdar_Wikidata_Padang_24_Mei_2026,2018-12-17 13:31:26+00:00,Wikimedia_Indonesia/Kopdar_Wikidata_Padang_24_Mei_2026,Kopdar Wikidata Padang 24 Mei 2026,2026-05-23 22:00:00+00:00,Kopdar,2026-05-23 22:00:00+00:00,2714.3531712962963,Existing User,1,False
Meguuusa,Wikimedia_Indonesia/Wikilatih_Wikidata_Kehutanan_UNSRAT,2026-05-19 09:37:52+00:00,Wikimedia_Indonesia/Wikilatih_Wikidata_Kehutanan_UNSRAT,Wikilatih Wikidata Kehutanan UNSRAT,2026-05-20 22:00:00+00:00,Wikilatih,2026-05-20 22:00:00+00:00,1.5153703703703705,New User,1,False
Melani Nur Azizah,Wikimedia_Indonesia/Wikilatih_Wikidata_Padang_18_Januari_2025,2025-05-18 08:57:45+00:00,Wikimedia_Indonesia/Wikilatih_Wikidata_Padang_18_Januari_2025,Wikilatih Wikidata Padang 18 Januari 2025,2026-01-17 22:00:00+00:00,Wikilatih,2026-01-17 22:00:00+00:00,244.54322916666666,Existing User,1,False
Menariq15,Wikimedia_Indonesia/Wikilatih_Wikidata_Yogyakarta_2026,2026-04-26 03:25:02+00:00,Wikimedia_Indonesia/Wikilatih_Wikidata_Yogyakarta_2026,Wikilatih Wikidata Yogyakarta 2026,2026-04-25 22:00:00+00:00,Wikilatih,2026-04-25 22:00:00+00:00,-0.22571759259259258,New User,1,False
Menyusurisudutnegeri,Wikimedia_Indonesia/Wikilatih_Wikidata_Daring_untuk_Akademisi,2024-01-19 13:43:58+00:00,Wikimedia_Indonesia/Wikilatih_Wikidata_Daring_untuk_Akademisi,Wikilatih Wikidata Daring untuk Akademisi,2025-12-18 22:00:00+00:00,Wikilatih,2025-12-18 22:00:00+00:00,699.3444675925925,Existing User,1,False
Mery Nurfa Dilla,Wikimedia_Indonesia/Geodatathon_Agustus_2025,2021-10-24 06:16:42+00:00,Wikimedia_Indonesia/Geodatathon_Agustus_2025,Geodatathon Agustus 2025,2025-08-26 17:00:00+00:00,Datathon,2025-08-26 17:00:00+00:00,1402.446736111111,Existing User,4,True
Meylin Choiry,Wikimedia_Indonesia/Wikilatih_Wikidata_UISU_27_Oktober_2025,2025-10-27 02:31:27+00:00,Wikimedia_Indonesia/Wikilatih_Wikidata_UISU_27_Oktober_2025,Wikilatih Wikidata UISU 27 Oktober 2025,2025-10-26 23:00:00+00:00,Wikilatih,2025-10-26 23:00:00+00:00,-0.14684027777777778,New User,1,False
Mihyaerukaiza,Wikimedia_Indonesia/Wikilatih_Wikidata_Jakarta_31_Maret_2026,2026-03-31 08:41:26+00:00,Wikimedia_Indonesia/Wikilatih_Wikidata_Jakarta_31_Maret_2026,Wikilatih Wikidata Jakarta 31 Maret 2026,2026-03-30 22:00:00+00:00,Wikilatih,2026-03-30 22:00:00+00:00,-0.4454398148148148,New User,1,False
Mintaseratus,Wikimedia_Indonesia/Wikilatih_Wikidata_Jakarta_31_Maret_2026,2026-03-31 08:01:38+00:00,Wikimedia_Indonesia/Wikilatih_Wikidata_Jakarta_31_Maret_2026,Wikilatih Wikidata Jakarta 31 Maret 2026,2026-03-30 22:00:00+00:00,Wikilatih,2026-03-30 22:00:00+00:00,-0.41780092592592594,New User,1,False
Mirani Pramitasari,Wikimedia_Indonesia/Kopdar_Wikidata_Bandung_Oktober_2025,2021-09-12 14:03:17+00:00,Wikimedia_Indonesia/Kopdar_Wikidata_Bandung_Oktober_2025,Kopdar Wikidata Bandung Oktober 2025,2025-10-03 22:00:00+00:00,Kopdar,2025-10-03 22:00:00+00:00,1482.3310532407406,Existing User,2,True
Mirasusanti12345,Wikimedia_Indonesia/Wikilatih_Wikidata_Padang_18_Januari_2025,2026-01-18 04:48:51+00:00,Wikimedia_Indonesia/Wikilatih_Wikidata_Padang_18_Januari_2025,Wikilatih Wikidata Padang 18 Januari 2025,2026-01-17 22:00:00+00:00,Wikilatih,2026-01-17 22:00:00+00:00,-0.2839236111111111,New User,1,False
Mislaura Vani,Wikimedia_Indonesia/Wikilatih_Wikidata_Padang_18_Januari_2025,2025-09-25 12:35:46+00:00,Wikimedia_Indonesia/Wikilatih_Wikidata_Padang_18_Januari_2025,Wikilatih Wikidata Padang 18 Januari 2025,2026-01-17 22:00:00+00:00,Wikilatih,2026-01-17 22:00:00+00:00,114.39182870370371,Existing User,1,False
Mobilelegendbangbang,Wikimedia_Indonesia/Wikilatih_Wikidata_Bangka_Belitung_Januari_2026,2026-01-18 03:37:49+00:00,Wikimedia_Indonesia/Wikilatih_Wikidata_Bangka_Belitung_Januari_2026,Wikilatih Wikidata Bangka Belitung Januari 2026,2026-01-17 22:00:00+00:00,Wikilatih,2026-01-17 22:00:00+00:00,-0.2345949074074074,New User,1,False
Mochammadafzal,Wikimedia_Indonesia/Wikilatih_Wikidata_UNAIR_21_November_2025,2025-11-20 04:47:18+00:00,Wikimedia_Indonesia/Wikilatih_Wikidata_UNAIR_21_November_2025,Wikilatih Wikidata UNAIR 21 November 2025,2025-11-20 22:00:00+00:00,Wikilatih,2025-11-20 22:00:00+00:00,0.7171527777777778,New User,1,False
Mocia,Wikimedia_Indonesia/Wikilatih_Wikidata_BPS_Sumut,2013-02-20 21:32:13+00:00,Wikimedia_Indonesia/Wikilatih_Wikidata_BPS_Sumut,Wikilatih Wikidata BPS Sumut,2026-01-09 22:00:00+00:00,Wikilatih,2026-01-09 22:00:00+00:00,4706.0192939814815,Existing User,1,False
MomRhino,Wikimedia_Indonesia/Kopdar_Wikidata_Jakarta_14_Desember_2025_(14_Desember_2025),2025-09-19 05:59:13+00:00,Wikimedia_Indonesia/Kopdar_Wikidata_Jakarta_14_Desember_2025_(14_Desember_2025),Kopdar Wikidata Jakarta 14 Desember 2025,2025-12-13 15:00:00+00:00,Kopdar,2025-12-13 15:00:00+00:00,85.37554398148148,Existing User,1,False
Mry25,Wikimedia_Indonesia/Wikilatih_Wikidata_Madura_29_Maret,2026-03-15 10:55:36+00:00,Wikimedia_Indonesia/Wikilatih_Wikidata_Madura_29_Maret,Wikilatih Wikidata Madura 29 Maret,2026-03-28 22:00:00+00:00,Wikilatih,2026-03-28 22:00:00+00:00,13.461388888888889,Existing User,1,False
Muhamad Fahrizal Leo Pratama,Wikimedia_Indonesia/Kopdar_Wikidata_Yogyakarta_24_Mei_2026,2025-07-21 03:16:53+00:00,Wikimedia_Indonesia/Kopdar_Wikidata_Yogyakarta_24_Mei_2026,Kopdar Wikidata Yogyakarta 24 Mei 2026,2026-05-23 22:00:00+00:00,Kopdar,2026-05-23 22:00:00+00:00,306.7799421296296,Existing User,1,False
Muhamad Izzul Fiqih,Wikimedia_Indonesia/Kopdar_Wikidata_Daluring_Jambi_x_Jakarta_Januari_2025,2022-06-11 08:06:37+00:00,Wikimedia_Indonesia/Kopdar_Wikidata_Daluring_Jambi_x_Jakarta_Januari_2025,Kopdar Wikidata Daluring Jambi x Jakarta Januari 2025,2026-01-24 22:00:00+00:00,Kopdar,2026-01-24 22:00:00+00:00,1323.5787384259258,Existing User,1,False
Muhammad Ali Zabar,Wikimedia_Indonesia/Pemagangan_Datatek_April_2026,2025-02-21 13:50:24+00:00,Wikimedia_Indonesia/Pemagangan_Datatek_April_2026,Pemagangan Datatek April 2026,2026-04-27 17:00:00+00:00,Pemagangan,2026-04-27 17:00:00+00:00,430.13166666666666,Existing User,1,False
Muhammad Rivanza Putra Ilmar,Wikimedia_Indonesia/Kopdar_Wikidata_Padang_24_Mei_2026,2026-02-03 16:51:52+00:00,Wikimedia_Indonesia/Kopdar_Wikidata_Padang_24_Mei_2026,Kopdar Wikidata Padang 24 Mei 2026,2026-05-23 22:00:00+00:00,Kopdar,2026-05-23 22:00:00+00:00,109.21398148148148,Existing User,1,False
Muhammad Zaki Ariza,Wikimedia_Indonesia/Wikilatih_Wikidata_Bangka_Belitung_Januari_2026,2026-01-08 14:28:49+00:00,Wikimedia_Indonesia/Wikilatih_Wikidata_Bangka_Belitung_Januari_2026,Wikilatih Wikidata Bangka Belitung Januari 2026,2026-01-17 22:00:00+00:00,Wikilatih,2026-01-17 22:00:00+00:00,9.31332175925926,Existing User,1,False
Mutia Bahalwan,Wikimedia_Indonesia/Wikilatih_Wikidata_UNAIR_21_November_2025,2025-11-20 04:49:38+00:00,Wikimedia_Indonesia/Wikilatih_Wikidata_UNAIR_21_November_2025,Wikilatih Wikidata UNAIR 21 November 2025,2025-11-20 22:00:00+00:00,Wikilatih,2025-11-20 22:00:00+00:00,0.7155324074074074,New User,1,False
Mutiadela,Wikimedia_Indonesia/Wikilatih_Wikidata_UISU_27_Oktober_2025,2025-10-26 16:30:40+00:00,Wikimedia_Indonesia/Wikilatih_Wikidata_UISU_27_Oktober_2025,Wikilatih Wikidata UISU 27 Oktober 2025,2025-10-26 23:00:00+00:00,Wikilatih,2025-10-26 23:00:00+00:00,0.27037037037037037,New User,1,False
Muufii,Wikimedia_Indonesia/Geodatathon_Agustus_2025,2024-06-27 08:34:34+00:00,Wikimedia_Indonesia/Geodatathon_Agustus_2025,Geodatathon Agustus 2025,2025-08-26 17:00:00+00:00,Datathon,2025-08-26 17:00:00+00:00,425.35099537037036,Existing User,4,True
N.imaema,Wikimedia_Indonesia/Wikilatih_Wikidata_Madura_29_Maret,2023-02-20 03:51:39+00:00,Wikimedia_Indonesia/Wikilatih_Wikidata_Madura_29_Maret,Wikilatih Wikidata Madura 29 Maret,2026-03-28 22:00:00+00:00,Wikilatih,2026-03-28 22:00:00+00:00,1132.755798611111,Existing User,2,True
Nabilazrareva,Wikimedia_Indonesia/Wikilatih_Wikidata_UNAIR_21_November_2025,2025-11-20 04:42:04+00:00,Wikimedia_Indonesia/Wikilatih_Wikidata_UNAIR_21_November_2025,Wikilatih Wikidata UNAIR 21 November 2025,2025-11-20 22:00:00+00:00,Wikilatih,2025-11-20 22:00:00+00:00,0.7207870370370371,New User,1,False
Nabilla Amirah,Wikimedia_Indonesia/Wikilatih_Wikidata_Padang_18_Januari_2025,2025-01-05 06:35:28+00:00,Wikimedia_Indonesia/Wikilatih_Wikidata_Padang_18_Januari_2025,Wikilatih Wikidata Padang 18 Januari 2025,2026-01-17 22:00:00+00:00,Wikilatih,2026-01-17 22:00:00+00:00,377.642037037037,Existing User,1,False
Nadia Erwanda,Wikimedia_Indonesia/Kopdar_Wikidata_Padang_24_Mei_2026,2024-11-26 10:28:34+00:00,Wikimedia_Indonesia/Kopdar_Wikidata_Padang_24_Mei_2026,Kopdar Wikidata Padang 24 Mei 2026,2026-05-23 22:00:00+00:00,Kopdar,2026-05-23 22:00:00+00:00,543.4801620370371,Existing User,1,False
Naelaa,Wikimedia_Indonesia/Kopdar_Wikidata_Padang_24_Mei_2026,2025-09-09 04:05:13+00:00,Wikimedia_Indonesia/Kopdar_Wikidata_Padang_24_Mei_2026,Kopdar Wikidata Padang 24 Mei 2026,2026-05-23 22:00:00+00:00,Kopdar,2026-05-23 22:00:00+00:00,256.7463773148148,Existing User,1,False
Nafisathallah,Wikimedia_Indonesia/Geodatathon_Desember_2025_-_Cadang,2020-07-30 12:15:58+00:00,Wikimedia_Indonesia/Geodatathon_Desember_2025_-_Cadang,Geodatathon Desember 2025 - Cadang,2025-12-19 17:00:00+00:00,Datathon,2025-12-19 17:00:00+00:00,1968.1972453703704,Existing User,2,True
Naila Fathinah,Wikimedia_Indonesia/Kopdar_Wikidata_Padang_24_Mei_2026,2026-05-05 06:04:46+00:00,Wikimedia_Indonesia/Kopdar_Wikidata_Padang_24_Mei_2026,Kopdar Wikidata Padang 24 Mei 2026,2026-05-23 22:00:00+00:00,Kopdar,2026-05-23 22:00:00+00:00,18.663356481481483,Existing User,1,False
Nangningnung,Wikimedia_Indonesia/Wikilatih_Wikidata_Palembang_21_Juni_2026,2026-04-07 01:07:58+00:00,Wikimedia_Indonesia/Wikilatih_Wikidata_Palembang_21_Juni_2026,Wikilatih Wikidata Palembang 21 Juni 2026,2026-06-20 22:00:00+00:00,Wikilatih,2026-06-20 22:00:00+00:00,74.8694675925926,Existing User,1,False
Nasgorpekalongan99,Wikimedia_Indonesia/Wikilatih_Wikidata_Jakarta_31_Maret_2026,2026-03-31 07:47:17+00:00,Wikimedia_Indonesia/Wikilatih_Wikidata_Jakarta_31_Maret_2026,Wikilatih Wikidata Jakarta 31 Maret 2026,2026-03-30 22:00:00+00:00,Wikilatih,2026-03-30 22:00:00+00:00,-0.40783564814814816,New User,1,False
Nasudi,Wikimedia_Indonesia/Kopdar_Wikidata_Yogyakarta_24_Mei_2026,2025-05-17 05:51:41+00:00,Wikimedia_Indonesia/Kopdar_Wikidata_Yogyakarta_24_Mei_2026,Kopdar Wikidata Yogyakarta 24 Mei 2026,2026-05-23 22:00:00+00:00,Kopdar,2026-05-23 22:00:00+00:00,371.67244212962964,Existing User,1,False
Naval Scene,Wikimedia_Indonesia/Kopdar_Wikidata_Jakarta_14_Desember_2025_(14_Desember_2025),2008-05-31 15:13:33+00:00,Wikimedia_Indonesia/Kopdar_Wikidata_Jakarta_14_Desember_2025_(14_Desember_2025),Kopdar Wikidata Jakarta 14 Desember 2025,2025-12-13 15:00:00+00:00,Kopdar,2025-12-13 15:00:00+00:00,6404.990590277778,Existing User,1,False
Niryhpr,Wikimedia_Indonesia/Geodatathon_Agustus_2025,2024-10-17 16:54:26+00:00,Wikimedia_Indonesia/Geodatathon_Agustus_2025,Geodatathon Agustus 2025,2025-08-26 17:00:00+00:00,Datathon,2025-08-26 17:00:00+00:00,313.00386574074076,Existing User,2,True
Noerda,Wikimedia_Indonesia/Wikilatih_Wikidata_BRIN,2026-03-03 01:34:57+00:00,Wikimedia_Indonesia/Wikilatih_Wikidata_BRIN,Wikilatih Wikidata BRIN,2026-03-02 22:00:00+00:00,Wikilatih,2026-03-02 22:00:00+00:00,-0.14927083333333332,New User,1,False
Noirick,Wikimedia_Indonesia/Wikilatih_Wikidata_Bangka_Belitung_Januari_2026,2026-01-18 03:45:03+00:00,Wikimedia_Indonesia/Wikilatih_Wikidata_Bangka_Belitung_Januari_2026,Wikilatih Wikidata Bangka Belitung Januari 2026,2026-01-17 22:00:00+00:00,Wikilatih,2026-01-17 22:00:00+00:00,-0.23961805555555554,New User,1,False
Noursdlly,Wikimedia_Indonesia/Wikilatih_Wikidata_Banjarnegara,2024-06-28 08:44:36+00:00,Wikimedia_Indonesia/Wikilatih_Wikidata_Banjarnegara,Wikilatih Wikidata Banjarnegara,2026-04-18 22:00:00+00:00,Wikilatih,2026-04-18 22:00:00+00:00,659.5523611111112,Existing User,1,False
Novita02,Wikimedia_Indonesia/Wikilatih_Wikidata_Yogyakarta_2026,2025-02-21 07:48:58+00:00,Wikimedia_Indonesia/Wikilatih_Wikidata_Yogyakarta_2026,Wikilatih Wikidata Yogyakarta 2026,2026-04-25 22:00:00+00:00,Wikilatih,2026-04-25 22:00:00+00:00,428.59099537037036,Existing User,1,False
Nugi30,Wikimedia_Indonesia/Kopdar_Wikidata_Bandung_Oktober_2025,2024-05-08 14:05:41+00:00,Wikimedia_Indonesia/Kopdar_Wikidata_Bandung_Oktober_2025,Kopdar Wikidata Bandung Oktober 2025,2025-10-03 22:00:00+00:00,Kopdar,2025-10-03 22:00:00+00:00,513.3293865740741,Existing User,2,True
Nurania,Wikimedia_Indonesia/Datathon_Bulan_Wiki_Perempuan_2026,2026-04-23 01:18:44+00:00,Wikimedia_Indonesia/Datathon_Bulan_Wiki_Perempuan_2026,Datathon Bulan Wiki Perempuan 2026,2026-04-23 17:00:00+00:00,Datathon,2026-04-23 17:00:00+00:00,0.6536574074074074,New User,1,False
Nurhidayah Tanjung,Wikimedia_Indonesia/Geodatathon_Desember_2025_-_Cadang,2020-02-04 12:06:12+00:00,Wikimedia_Indonesia/Geodatathon_Desember_2025_-_Cadang,Geodatathon Desember 2025 - Cadang,2025-12-19 17:00:00+00:00,Datathon,2025-12-19 17:00:00+00:00,2145.204027777778,Existing User,3,True
Nurmalalala,Wikimedia_Indonesia/Wikilatih_Wikidata_Banjarnegara,2026-04-19 02:58:33+00:00,Wikimedia_Indonesia/Wikilatih_Wikidata_Banjarnegara,Wikilatih Wikidata Banjarnegara,2026-04-18 22:00:00+00:00,Wikilatih,2026-04-18 22:00:00+00:00,-0.20732638888888888,New User,1,False
NurraCealo79,Wikimedia_Indonesia/Kopdar_Wikidata_Daluring_Jambi_x_Jakarta_Januari_2025,2026-01-16 06:19:40+00:00,Wikimedia_Indonesia/Kopdar_Wikidata_Daluring_Jambi_x_Jakarta_Januari_2025,Kopdar Wikidata Daluring Jambi x Jakarta Januari 2025,2026-01-24 22:00:00+00:00,Kopdar,2026-01-24 22:00:00+00:00,8.653009259259258,Existing User,1,False
Oceanmuse,Wikimedia_Indonesia/Kopdar_Wikidata_Jakarta_14_Desember_2025_(14_Desember_2025),2019-09-08 12:35:58+00:00,Wikimedia_Indonesia/Kopdar_Wikidata_Jakarta_14_Desember_2025_(14_Desember_2025),Kopdar Wikidata Jakarta 14 Desember 2025,2025-12-13 15:00:00+00:00,Kopdar,2025-12-13 15:00:00+00:00,2288.100023148148,Existing User,1,False
Orfetaum,Wikimedia_Indonesia/Geodatathon_Agustus_2025,2023-03-30 15:29:44+00:00,Wikimedia_Indonesia/Geodatathon_Agustus_2025,Geodatathon Agustus 2025,2025-08-26 17:00:00+00:00,Datathon,2025-08-26 17:00:00+00:00,880.0626851851852,Existing User,1,False
OwlyKnight,Wikimedia_Indonesia/Kopdar_Wikidata_Jakarta_14_Desember_2025_(14_Desember_2025),2022-09-16 06:42:02+00:00,Wikimedia_Indonesia/Kopdar_Wikidata_Jakarta_14_Desember_2025_(14_Desember_2025),Kopdar Wikidata Jakarta 14 Desember 2025,2025-12-13 15:00:00+00:00,Kopdar,2025-12-13 15:00:00+00:00,1184.3458101851852,Existing User,2,True
Padmaraya,Wikimedia_Indonesia/Wikilatih_Wikidata_Semarang_21_Juni_2026,2026-06-17 01:42:49+00:00,Wikimedia_Indonesia/Wikilatih_Wikidata_Semarang_21_Juni_2026,Wikilatih Wikidata Semarang 21 Juni 2026,2026-06-20 23:00:00+00:00,Wikilatih,2026-06-20 23:00:00+00:00,3.8869328703703703,New User,1,False
Pangesti Dewi Letari,Wikimedia_Indonesia/Datathon_Bulan_Wiki_Perempuan_2026,2026-02-15 01:21:43+00:00,Wikimedia_Indonesia/Datathon_Bulan_Wiki_Perempuan_2026,Datathon Bulan Wiki Perempuan 2026,2026-04-23 17:00:00+00:00,Datathon,2026-04-23 17:00:00+00:00,67.65158564814814,Existing User,1,False
Papa Diddy,Wikimedia_Indonesia/Wikilatih_Wikidata_BPS_Sumut,2024-10-09 01:46:14+00:00,Wikimedia_Indonesia/Wikilatih_Wikidata_BPS_Sumut,Wikilatih Wikidata BPS Sumut,2026-01-09 22:00:00+00:00,Wikilatih,2026-01-09 22:00:00+00:00,457.8428935185185,Existing User,1,False
Pastelcereal,Wikimedia_Indonesia/Wikilatih_Wikidata_Jakarta_31_Maret_2026,2026-03-31 07:53:48+00:00,Wikimedia_Indonesia/Wikilatih_Wikidata_Jakarta_31_Maret_2026,Wikilatih Wikidata Jakarta 31 Maret 2026,2026-03-30 22:00:00+00:00,Wikilatih,2026-03-30 22:00:00+00:00,-0.4123611111111111,New User,1,False
Pijri Paijar,Wikimedia_Indonesia/Kopdar_Wikidata_Bandung_7_Juni_2026,2021-11-26 02:10:39+00:00,Wikimedia_Indonesia/Kopdar_Wikidata_Bandung_7_Juni_2026,Kopdar Wikidata Bandung 7 Juni 2026,2026-06-06 22:00:00+00:00,Kopdar,2026-06-06 22:00:00+00:00,1653.8259375,Existing User,1,False
Pitchrigi,Wikimedia_Indonesia/Kopdar_Wikidata_Jakarta_14_Desember_2025_(14_Desember_2025),2023-06-03 15:30:03+00:00,Wikimedia_Indonesia/Kopdar_Wikidata_Jakarta_14_Desember_2025_(14_Desember_2025),Kopdar Wikidata Jakarta 14 Desember 2025,2025-12-13 15:00:00+00:00,Kopdar,2025-12-13 15:00:00+00:00,923.9791319444445,Existing User,2,True
Pluviophille,Wikimedia_Indonesia/Datathon_Musik_Indonesia,2025-08-14 02:57:26+00:00,Wikimedia_Indonesia/Datathon_Musik_Indonesia,Datathon Musik Indonesia,2026-01-28 17:00:00+00:00,Datathon,2026-01-28 17:00:00+00:00,167.58511574074075,Existing User,1,False
Putradrwin,Wikimedia_Indonesia/Wikilatih_Wikidata_Kehutanan_UNSRAT,2026-05-19 11:50:51+00:00,Wikimedia_Indonesia/Wikilatih_Wikidata_Kehutanan_UNSRAT,Wikilatih Wikidata Kehutanan UNSRAT,2026-05-20 22:00:00+00:00,Wikilatih,2026-05-20 22:00:00+00:00,1.4230208333333334,New User,1,False
Putri Arianti Daeng Mulisa,Wikimedia_Indonesia/Wikilatih_Wikidata_Kehutanan_UNSRAT,2026-05-19 03:32:37+00:00,Wikimedia_Indonesia/Wikilatih_Wikidata_Kehutanan_UNSRAT,Wikilatih Wikidata Kehutanan UNSRAT,2026-05-20 22:00:00+00:00,Wikilatih,2026-05-20 22:00:00+00:00,1.7690162037037036,New User,1,False
Putriuzdahw,Wikimedia_Indonesia/Kopdar_Wikidata_Yogyakarta_24_Mei_2026,2022-01-03 12:04:27+00:00,Wikimedia_Indonesia/Kopdar_Wikidata_Yogyakarta_24_Mei_2026,Kopdar Wikidata Yogyakarta 24 Mei 2026,2026-05-23 22:00:00+00:00,Kopdar,2026-05-23 22:00:00+00:00,1601.413576388889,Existing User,1,False
Quraeni,Wikimedia_Indonesia/Geodatathon_Agustus_2025,2023-02-27 05:32:54+00:00,Wikimedia_Indonesia/Geodatathon_Agustus_2025,Geodatathon Agustus 2025,2025-08-26 17:00:00+00:00,Datathon,2025-08-26 17:00:00+00:00,911.4771527777777,Existing User,1,False
Radramboo,Wikimedia_Indonesia/Wikilatih_Wikidata_Daring_untuk_Akademisi,2022-08-27 10:06:38+00:00,Wikimedia_Indonesia/Wikilatih_Wikidata_Daring_untuk_Akademisi,Wikilatih Wikidata Daring untuk Akademisi,2025-12-18 22:00:00+00:00,Wikilatih,2025-12-18 22:00:00+00:00,1209.4953935185185,Existing User,2,True
Radsfarda,Wikimedia_Indonesia/Wikilatih_Wikidata_Bangka_Belitung_Januari_2026,2026-01-18 02:10:52+00:00,Wikimedia_Indonesia/Wikilatih_Wikidata_Bangka_Belitung_Januari_2026,Wikilatih Wikidata Bangka Belitung Januari 2026,2026-01-17 22:00:00+00:00,Wikilatih,2026-01-17 22:00:00+00:00,-0.17421296296296296,New User,1,False
Raflinoer32,Wikimedia_Indonesia/Kopdar_Wikidata_Bandung_7_Juni_2026,2021-03-23 05:37:22+00:00,Wikimedia_Indonesia/Kopdar_Wikidata_Bandung_7_Juni_2026,Kopdar Wikidata Bandung 7 Juni 2026,2026-06-06 22:00:00+00:00,Kopdar,2026-06-06 22:00:00+00:00,1901.6823842592592,Existing User,1,False
Rahmatdenas,Wikimedia_Indonesia/Wikilatih_Wikidata_Yogyakarta_2026,2011-06-06 11:31:47+00:00,Wikimedia_Indonesia/Wikilatih_Wikidata_Yogyakarta_2026,Wikilatih Wikidata Yogyakarta 2026,2026-04-25 22:00:00+00:00,Wikilatih,2026-04-25 22:00:00+00:00,5437.436261574074,Existing User,2,True
Rahmie Sabine,Wikimedia_Indonesia/Datathon_Bulan_Wiki_Perempuan_2026,2020-08-10 16:22:02+00:00,Wikimedia_Indonesia/Datathon_Bulan_Wiki_Perempuan_2026,Datathon Bulan Wiki Perempuan 2026,2026-04-23 17:00:00+00:00,Datathon,2026-04-23 17:00:00+00:00,2082.026365740741,Existing User,1,False
Raihankakicak,Wikimedia_Indonesia/Wikilatih_Wikidata_Daring_untuk_Akademisi,2024-11-13 11:18:35+00:00,Wikimedia_Indonesia/Wikilatih_Wikidata_Daring_untuk_Akademisi,Wikilatih Wikidata Daring untuk Akademisi,2025-12-18 22:00:00+00:00,Wikilatih,2025-12-18 22:00:00+00:00,400.44542824074074,Existing User,1,False
Rani Rachman,Wikimedia_Indonesia/Wikilatih_Wikidata_Daring_untuk_Akademisi,2025-12-14 20:43:29+00:00,Wikimedia_Indonesia/Wikilatih_Wikidata_Daring_untuk_Akademisi,Wikilatih Wikidata Daring untuk Akademisi,2025-12-18 22:00:00+00:00,Wikilatih,2025-12-18 22:00:00+00:00,4.053136574074074,New User,1,False
Rara Kamiliya,Wikimedia_Indonesia/Wikilatih_Wikidata_Madura_29_Maret,2025-10-10 06:10:15+00:00,Wikimedia_Indonesia/Wikilatih_Wikidata_Madura_29_Maret,Wikilatih Wikidata Madura 29 Maret,2026-03-28 22:00:00+00:00,Wikilatih,2026-03-28 22:00:00+00:00,169.65954861111112,Existing User,1,False
Ratri Ayumsari,Wikimedia_Indonesia/Geodatathon_Desember_2025_-_Cadang,2024-11-04 15:15:38+00:00,Wikimedia_Indonesia/Geodatathon_Desember_2025_-_Cadang,Geodatathon Desember 2025 - Cadang,2025-12-19 17:00:00+00:00,Datathon,2025-12-19 17:00:00+00:00,410.07247685185183,Existing User,2,True
Rejamaubelajar,Wikimedia_Indonesia/Wikilatih_Wikidata_IDJN,2025-08-28 02:53:18+00:00,Wikimedia_Indonesia/Wikilatih_Wikidata_IDJN,Wikilatih Wikidata IDJN,2025-08-28 22:00:00+00:00,Wikilatih,2025-08-28 22:00:00+00:00,0.7963194444444445,New User,1,False
Resky Tora Madoli,Wikimedia_Indonesia/Wikilatih_Wikidata_Kehutanan_UNSRAT,2026-05-19 23:24:34+00:00,Wikimedia_Indonesia/Wikilatih_Wikidata_Kehutanan_UNSRAT,Wikilatih Wikidata Kehutanan UNSRAT,2026-05-20 22:00:00+00:00,Wikilatih,2026-05-20 22:00:00+00:00,0.9412731481481481,New User,1,False
Rezanuronline,Wikimedia_Indonesia/Wikilatih_Wikidata_Daring_untuk_Akademisi,2025-12-13 09:37:27+00:00,Wikimedia_Indonesia/Wikilatih_Wikidata_Daring_untuk_Akademisi,Wikilatih Wikidata Daring untuk Akademisi,2025-12-18 22:00:00+00:00,Wikilatih,2025-12-18 22:00:00+00:00,5.515659722222222,New User,2,True
Rfadilla,Wikimedia_Indonesia/Wikilatih_Wikidata_Padang_18_Januari_2025,2025-05-14 04:19:13+00:00,Wikimedia_Indonesia/Wikilatih_Wikidata_Padang_18_Januari_2025,Wikilatih Wikidata Padang 18 Januari 2025,2026-01-17 22:00:00+00:00,Wikilatih,2026-01-17 22:00:00+00:00,248.7366550925926,Existing User,1,False
Rickyimadia,Wikimedia_Indonesia/Wikilatih_Wikidata_Padang_18_Januari_2025,2026-01-10 02:15:02+00:00,Wikimedia_Indonesia/Wikilatih_Wikidata_Padang_18_Januari_2025,Wikilatih Wikidata Padang 18 Januari 2025,2026-01-17 22:00:00+00:00,Wikilatih,2026-01-17 22:00:00+00:00,7.822893518518518,Existing User,1,False
Ridwan Sugara,Wikimedia_Indonesia/Kopdar_Wikidata_Daluring_Jambi_x_Jakarta_Januari_2025,2026-01-25 02:59:51+00:00,Wikimedia_Indonesia/Kopdar_Wikidata_Daluring_Jambi_x_Jakarta_Januari_2025,Kopdar Wikidata Daluring Jambi x Jakarta Januari 2025,2026-01-24 22:00:00+00:00,Kopdar,2026-01-24 22:00:00+00:00,-0.20822916666666666,New User,1,False
Rinai Natsumi,Wikimedia_Indonesia/Geodatathon_Agustus_2025,2017-11-04 05:27:20+00:00,Wikimedia_Indonesia/Geodatathon_Agustus_2025,Geodatathon Agustus 2025,2025-08-26 17:00:00+00:00,Datathon,2025-08-26 17:00:00+00:00,2852.4810185185183,Existing User,1,False
Ris00l may00,Wikimedia_Indonesia/Datathon_Bulan_Wiki_Perempuan_2026,2024-12-05 06:16:43+00:00,Wikimedia_Indonesia/Datathon_Bulan_Wiki_Perempuan_2026,Datathon Bulan Wiki Perempuan 2026,2026-04-23 17:00:00+00:00,Datathon,2026-04-23 17:00:00+00:00,504.446724537037,Existing User,3,True
Rizall 91202,Wikimedia_Indonesia/Geodatathon_Agustus_2025,2023-01-01 03:09:15+00:00,Wikimedia_Indonesia/Geodatathon_Agustus_2025,Geodatathon Agustus 2025,2025-08-26 17:00:00+00:00,Datathon,2025-08-26 17:00:00+00:00,968.5769097222222,Existing User,2,True
Rizzal87,Wikimedia_Indonesia/Wikilatih_Wikidata_BRIN,2026-03-03 01:49:47+00:00,Wikimedia_Indonesia/Wikilatih_Wikidata_BRIN,Wikilatih Wikidata BRIN,2026-03-02 22:00:00+00:00,Wikilatih,2026-03-02 22:00:00+00:00,-0.15957175925925926,New User,1,False
Robet33,Wikimedia_Indonesia/Wikilatih_Wikidata_UISU_27_Oktober_2025,2025-10-27 03:31:21+00:00,Wikimedia_Indonesia/Wikilatih_Wikidata_UISU_27_Oktober_2025,Wikilatih Wikidata UISU 27 Oktober 2025,2025-10-26 23:00:00+00:00,Wikilatih,2025-10-26 23:00:00+00:00,-0.1884375,New User,1,False
Rochman Zamani,Wikimedia_Indonesia/Wikilatih_Wikidata_Banjarnegara,2024-10-27 00:29:00+00:00,Wikimedia_Indonesia/Wikilatih_Wikidata_Banjarnegara,Wikilatih Wikidata Banjarnegara,2026-04-18 22:00:00+00:00,Wikilatih,2026-04-18 22:00:00+00:00,538.8965277777778,Existing User,1,False
Romeromilki77,Wikimedia_Indonesia/Wikilatih_Wikidata_Semarang_21_Juni_2026,2026-06-20 03:43:33+00:00,Wikimedia_Indonesia/Wikilatih_Wikidata_Semarang_21_Juni_2026,Wikilatih Wikidata Semarang 21 Juni 2026,2026-06-20 23:00:00+00:00,Wikilatih,2026-06-20 23:00:00+00:00,0.8030902777777778,New User,1,False
Rtiabakona,Wikimedia_Indonesia/Wikilatih_Wikidata_Kehutanan_UNSRAT,2026-05-19 13:59:48+00:00,Wikimedia_Indonesia/Wikilatih_Wikidata_Kehutanan_UNSRAT,Wikilatih Wikidata Kehutanan UNSRAT,2026-05-20 22:00:00+00:00,Wikilatih,2026-05-20 22:00:00+00:00,1.3334722222222222,New User,1,False
Rulilin,Wikimedia_Indonesia/Wikilatih_Wikidata_BRIN,2026-03-03 01:42:32+00:00,Wikimedia_Indonesia/Wikilatih_Wikidata_BRIN,Wikilatih Wikidata BRIN,2026-03-02 22:00:00+00:00,Wikilatih,2026-03-02 22:00:00+00:00,-0.15453703703703703,New User,1,False
Rwants27,Wikimedia_Indonesia/Wikilatih_Wikidata_Banjarnegara,2026-04-19 03:09:11+00:00,Wikimedia_Indonesia/Wikilatih_Wikidata_Banjarnegara,Wikilatih Wikidata Banjarnegara,2026-04-18 22:00:00+00:00,Wikilatih,2026-04-18 22:00:00+00:00,-0.21471064814814814,New User,1,False
SERLI MUBAROKAH,Wikimedia_Indonesia/Wikilatih_Wikidata_Banjarnegara,2026-04-19 03:00:34+00:00,Wikimedia_Indonesia/Wikilatih_Wikidata_Banjarnegara,Wikilatih Wikidata Banjarnegara,2026-04-18 22:00:00+00:00,Wikilatih,2026-04-18 22:00:00+00:00,-0.20872685185185186,New User,1,False
SOOUW,Wikimedia_Indonesia/Wikilatih_Wikidata_Jakarta_31_Maret_2026,2026-01-20 02:47:11+00:00,Wikimedia_Indonesia/Wikilatih_Wikidata_Jakarta_31_Maret_2026,Wikilatih Wikidata Jakarta 31 Maret 2026,2026-03-30 22:00:00+00:00,Wikilatih,2026-03-30 22:00:00+00:00,69.80056712962963,Existing User,1,False
Sabil Khoer Al Munawar,Wikimedia_Indonesia/Wikilatih_Wikidata_Daring_untuk_Akademisi,2023-02-24 16:26:43+00:00,Wikimedia_Indonesia/Wikilatih_Wikidata_Daring_untuk_Akademisi,Wikilatih Wikidata Daring untuk Akademisi,2025-12-18 22:00:00+00:00,Wikilatih,2025-12-18 22:00:00+00:00,1028.2314467592594,Existing User,1,False
Salmaqilahz,Wikimedia_Indonesia/Datathon_Bulan_Wiki_Perempuan_2026,,Wikimedia_Indonesia/Datathon_Bulan_Wiki_Perempuan_2026,Datathon Bulan Wiki Perempuan 2026,2026-04-23 17:00:00+00:00,Datathon,2026-04-23 17:00:00+00:00,,Existing User,1,False
Sam Hidayat,Wikimedia_Indonesia/Wikilatih_Wikidata_Yogyakarta_2026,2017-12-28 05:51:25+00:00,Wikimedia_Indonesia/Wikilatih_Wikidata_Yogyakarta_2026,Wikilatih Wikidata Yogyakarta 2026,2026-04-25 22:00:00+00:00,Wikilatih,2026-04-25 22:00:00+00:00,3040.6726273148147,Existing User,1,False
Sandi rambe,Wikimedia_Indonesia/Kopdar_Wikidata_Padang_24_Mei_2026,2024-06-28 17:41:04+00:00,Wikimedia_Indonesia/Kopdar_Wikidata_Padang_24_Mei_2026,Kopdar Wikidata Padang 24 Mei 2026,2026-05-23 22:00:00+00:00,Kopdar,2026-05-23 22:00:00+00:00,694.1798148148148,Existing User,1,False
Sansabit,Wikimedia_Indonesia/Geodatathon_Agustus_2025,2024-05-19 03:38:44+00:00,Wikimedia_Indonesia/Geodatathon_Agustus_2025,Geodatathon Agustus 2025,2025-08-26 17:00:00+00:00,Datathon,2025-08-26 17:00:00+00:00,464.5564351851852,Existing User,3,True
Sarieffe,Wikimedia_Indonesia/Datathon_Bulan_Wiki_Perempuan_2026,2026-01-31 13:18:30+00:00,Wikimedia_Indonesia/Datathon_Bulan_Wiki_Perempuan_2026,Datathon Bulan Wiki Perempuan 2026,2026-04-23 17:00:00+00:00,Datathon,2026-04-23 17:00:00+00:00,82.15381944444445,Existing User,1,False
Sasa2510,Wikimedia_Indonesia/Wikilatih_Wikidata_Palembang_21_Juni_2026,2026-06-21 03:02:54+00:00,Wikimedia_Indonesia/Wikilatih_Wikidata_Palembang_21_Juni_2026,Wikilatih Wikidata Palembang 21 Juni 2026,2026-06-20 22:00:00+00:00,Wikilatih,2026-06-20 22:00:00+00:00,-0.2103472222222222,New User,1,False
Sastranap,Wikimedia_Indonesia/Wikilatih_Wikidata_Madura_29_Maret,2024-03-03 02:31:29+00:00,Wikimedia_Indonesia/Wikilatih_Wikidata_Madura_29_Maret,Wikilatih Wikidata Madura 29 Maret,2026-03-28 22:00:00+00:00,Wikilatih,2026-03-28 22:00:00+00:00,755.8114699074074,Existing User,1,False
Savirard,Wikimedia_Indonesia/Wikilatih_Wikidata_BRIN,2026-03-03 02:11:40+00:00,Wikimedia_Indonesia/Wikilatih_Wikidata_BRIN,Wikilatih Wikidata BRIN,2026-03-02 22:00:00+00:00,Wikilatih,2026-03-02 22:00:00+00:00,-0.17476851851851852,New User,1,False
Scarzmouche,Wikimedia_Indonesia/Geodatathon_Desember_2025_-_Cadang,2024-01-04 16:06:21+00:00,Wikimedia_Indonesia/Geodatathon_Desember_2025_-_Cadang,Geodatathon Desember 2025 - Cadang,2025-12-19 17:00:00+00:00,Datathon,2025-12-19 17:00:00+00:00,715.0372569444445,Existing User,1,False
Seeharee,Wikimedia_Indonesia/Kopdar_Wikimedia_Surabaya_20_November_2025_(20_November_2025),2022-12-14 12:50:22+00:00,Wikimedia_Indonesia/Kopdar_Wikimedia_Surabaya_20_November_2025_(20_November_2025),Kopdar Wikimedia Surabaya 20 November 2025,2025-11-19 22:00:00+00:00,Kopdar,2025-11-19 22:00:00+00:00,1071.3816898148148,Existing User,3,True
Sekar Jarwo Soekarno,Wikimedia_Indonesia/Datathon_Bulan_Wiki_Perempuan_2026,2024-06-20 04:14:58+00:00,Wikimedia_Indonesia/Datathon_Bulan_Wiki_Perempuan_2026,Datathon Bulan Wiki Perempuan 2026,2026-04-23 17:00:00+00:00,Datathon,2026-04-23 17:00:00+00:00,672.5312731481481,Existing User,2,True
Serigalakampus,Wikimedia_Indonesia/Kopdar_Wikidata_Bandung_Oktober_2025,2019-04-21 04:31:31+00:00,Wikimedia_Indonesia/Kopdar_Wikidata_Bandung_Oktober_2025,Kopdar Wikidata Bandung Oktober 2025,2025-10-03 22:00:00+00:00,Kopdar,2025-10-03 22:00:00+00:00,2357.728113425926,Existing User,1,False
Shofiafiya,Wikimedia_Indonesia/Wikilatih_Wikidata_Madura_29_Maret,2026-03-15 07:58:19+00:00,Wikimedia_Indonesia/Wikilatih_Wikidata_Madura_29_Maret,Wikilatih Wikidata Madura 29 Maret,2026-03-28 22:00:00+00:00,Wikilatih,2026-03-28 22:00:00+00:00,13.584502314814815,Existing User,1,False
Sibiru45,Wikimedia_Indonesia/Geodatathon_Agustus_2025,2016-11-05 12:23:59+00:00,Wikimedia_Indonesia/Geodatathon_Agustus_2025,Geodatathon Agustus 2025,2025-08-26 17:00:00+00:00,Datathon,2025-08-26 17:00:00+00:00,3216.1916782407407,Existing User,1,False
Sitiliza,Wikimedia_Indonesia/Wikilatih_Wikidata_Bangka_Belitung_Januari_2026,2026-01-15 12:47:46+00:00,Wikimedia_Indonesia/Wikilatih_Wikidata_Bangka_Belitung_Januari_2026,Wikilatih Wikidata Bangka Belitung Januari 2026,2026-01-17 22:00:00+00:00,Wikilatih,2026-01-17 22:00:00+00:00,2.3834953703703703,New User,1,False
Soleh199101,Wikimedia_Indonesia/Wikilatih_Wikidata_Daring_untuk_Akademisi,2025-09-27 10:00:02+00:00,Wikimedia_Indonesia/Wikilatih_Wikidata_Daring_untuk_Akademisi,Wikilatih Wikidata Daring untuk Akademisi,2025-12-18 22:00:00+00:00,Wikilatih,2025-12-18 22:00:00+00:00,82.49997685185186,Existing User,1,False
Sri aini,Wikimedia_Indonesia/Wikilatih_Wikidata_Banjarnegara,2021-07-14 16:54:39+00:00,Wikimedia_Indonesia/Wikilatih_Wikidata_Banjarnegara,Wikilatih Wikidata Banjarnegara,2026-04-18 22:00:00+00:00,Wikilatih,2026-04-18 22:00:00+00:00,1739.2120486111112,Existing User,1,False
Stenlyparker,Wikimedia_Indonesia/Wikilatih_Wikidata_Jakarta_31_Maret_2026,2026-03-31 07:41:54+00:00,Wikimedia_Indonesia/Wikilatih_Wikidata_Jakarta_31_Maret_2026,Wikilatih Wikidata Jakarta 31 Maret 2026,2026-03-30 22:00:00+00:00,Wikilatih,2026-03-30 22:00:00+00:00,-0.4040972222222222,New User,1,False
Subangkit,Wikimedia_Indonesia/Kopdar_Wikidata_Bandung_Oktober_2025,2025-10-01 17:03:24+00:00,Wikimedia_Indonesia/Kopdar_Wikidata_Bandung_Oktober_2025,Kopdar Wikidata Bandung Oktober 2025,2025-10-03 22:00:00+00:00,Kopdar,2025-10-03 22:00:00+00:00,2.205972222222222,New User,1,False
Suga Widi,Wikimedia_Indonesia/Wikilatih_Wikidata_Yogyakarta_2026,2025-04-27 15:05:34+00:00,Wikimedia_Indonesia/Wikilatih_Wikidata_Yogyakarta_2026,Wikilatih Wikidata Yogyakarta 2026,2026-04-25 22:00:00+00:00,Wikilatih,2026-04-25 22:00:00+00:00,363.2878009259259,Existing User,1,False
Supardisahabu,Wikimedia_Indonesia/Geodatathon_Agustus_2025,2019-12-28 11:48:42+00:00,Wikimedia_Indonesia/Geodatathon_Agustus_2025,Geodatathon Agustus 2025,2025-08-26 17:00:00+00:00,Datathon,2025-08-26 17:00:00+00:00,2068.2161805555556,Existing User,1,False
Syaasantoso,Wikimedia_Indonesia/Kopdar_Wikidata_Malang_5_Desember_2025,2024-04-16 13:11:49+00:00,Wikimedia_Indonesia/Kopdar_Wikidata_Malang_5_Desember_2025,Kopdar Wikidata Malang 5 Desember 2025,2025-12-04 22:00:00+00:00,Kopdar,2025-12-04 22:00:00+00:00,597.3667939814815,Existing User,1,False
Syahrul pembelajar,Wikimedia_Indonesia/Wikilatih_Wikidata_Padang_18_Januari_2025,2026-01-10 14:15:20+00:00,Wikimedia_Indonesia/Wikilatih_Wikidata_Padang_18_Januari_2025,Wikilatih Wikidata Padang 18 Januari 2025,2026-01-17 22:00:00+00:00,Wikilatih,2026-01-17 22:00:00+00:00,7.322685185185185,Existing User,1,False
Sygrayem,Wikimedia_Indonesia/Geodatathon_Agustus_2025,2014-12-17 13:11:20+00:00,Wikimedia_Indonesia/Geodatathon_Agustus_2025,Geodatathon Agustus 2025,2025-08-26 17:00:00+00:00,Datathon,2025-08-26 17:00:00+00:00,3905.1587962962963,Existing User,2,True
Syifa Adiba,Wikimedia_Indonesia/Geodatathon_Agustus_2025,2025-08-12 06:38:48+00:00,Wikimedia_Indonesia/Geodatathon_Agustus_2025,Geodatathon Agustus 2025,2025-08-26 17:00:00+00:00,Datathon,2025-08-26 17:00:00+00:00,14.43138888888889,Existing User,1,False
Syurida,Wikimedia_Indonesia/Geodatathon_Agustus_2025,2024-01-27 17:42:00+00:00,Wikimedia_Indonesia/Geodatathon_Agustus_2025,Geodatathon Agustus 2025,2025-08-26 17:00:00+00:00,Datathon,2025-08-26 17:00:00+00:00,576.9708333333333,Existing User,2,True
Tanto Wijaya,Wikimedia_Indonesia/Kopdar_Wikidata_Bandung_Oktober_2025,2025-07-15 12:33:32+00:00,Wikimedia_Indonesia/Kopdar_Wikidata_Bandung_Oktober_2025,Kopdar Wikidata Bandung Oktober 2025,2025-10-03 22:00:00+00:00,Kopdar,2025-10-03 22:00:00+00:00,80.39337962962964,Existing User,1,False
Telor Omelet,Wikimedia_Indonesia/Wikilatih_Wikidata_UISU_27_Oktober_2025,2025-10-26 23:26:37+00:00,Wikimedia_Indonesia/Wikilatih_Wikidata_UISU_27_Oktober_2025,Wikilatih Wikidata UISU 27 Oktober 2025,2025-10-26 23:00:00+00:00,Wikilatih,2025-10-26 23:00:00+00:00,-0.018483796296296297,New User,1,False
Thalassophile,Wikimedia_Indonesia/Wikilatih_Wikidata_Madura_29_Maret,2025-12-04 14:53:23+00:00,Wikimedia_Indonesia/Wikilatih_Wikidata_Madura_29_Maret,Wikilatih Wikidata Madura 29 Maret,2026-03-28 22:00:00+00:00,Wikilatih,2026-03-28 22:00:00+00:00,114.29626157407408,Existing User,1,False
Thataa1029,Wikimedia_Indonesia/Wikilatih_Wikidata_Palembang_21_Juni_2026,2025-11-18 05:54:37+00:00,Wikimedia_Indonesia/Wikilatih_Wikidata_Palembang_21_Juni_2026,Wikilatih Wikidata Palembang 21 Juni 2026,2026-06-20 22:00:00+00:00,Wikilatih,2026-06-20 22:00:00+00:00,214.6704050925926,Existing User,1,False
Tika Yulia,Wikimedia_Indonesia/Datathon_Bulan_Wiki_Perempuan_2026,,Wikimedia_Indonesia/Datathon_Bulan_Wiki_Perempuan_2026,Datathon Bulan Wiki Perempuan 2026,2026-04-23 17:00:00+00:00,Datathon,2026-04-23 17:00:00+00:00,,Existing User,1,False
Tiqash,Wikimedia_Indonesia/Wikilatih_Wikidata_Palembang_21_Juni_2026,2026-06-16 11:39:25+00:00,Wikimedia_Indonesia/Wikilatih_Wikidata_Palembang_21_Juni_2026,Wikilatih Wikidata Palembang 21 Juni 2026,2026-06-20 22:00:00+00:00,Wikilatih,2026-06-20 22:00:00+00:00,4.430960648148148,New User,1,False
Tisa0603,Wikimedia_Indonesia/Kopdar_Wikidata_Padang_15_November_2025,2024-02-04 03:05:57+00:00,Wikimedia_Indonesia/Kopdar_Wikidata_Padang_15_November_2025,Kopdar Wikidata Padang 15 November 2025,2025-11-14 23:00:00+00:00,Kopdar,2025-11-14 23:00:00+00:00,649.8292013888889,Existing User,2,True
TorangEdit,Wikimedia_Indonesia/Wikilatih_Wikidata_Daring_untuk_Akademisi,2025-10-07 13:59:57+00:00,Wikimedia_Indonesia/Wikilatih_Wikidata_Daring_untuk_Akademisi,Wikilatih Wikidata Daring untuk Akademisi,2025-12-18 22:00:00+00:00,Wikilatih,2025-12-18 22:00:00+00:00,72.33336805555555,Existing User,1,False
Trihadisulistyanto,Wikimedia_Indonesia/Wikilatih_Wikidata_Daring_untuk_Akademisi,2025-11-18 14:17:03+00:00,Wikimedia_Indonesia/Wikilatih_Wikidata_Daring_untuk_Akademisi,Wikilatih Wikidata Daring untuk Akademisi,2025-12-18 22:00:00+00:00,Wikilatih,2025-12-18 22:00:00+00:00,30.321493055555557,Existing User,1,False
TripleteHunter,Wikimedia_Indonesia/Wikilatih_Wikidata_BRIN,2026-03-02 02:22:24+00:00,Wikimedia_Indonesia/Wikilatih_Wikidata_BRIN,Wikilatih Wikidata BRIN,2026-03-02 22:00:00+00:00,Wikilatih,2026-03-02 22:00:00+00:00,0.8177777777777778,New User,1,False
Triwahyuni.o,Wikimedia_Indonesia/Wikilatih_Wikidata_Padang_18_Januari_2025,2022-09-23 02:33:47+00:00,Wikimedia_Indonesia/Wikilatih_Wikidata_Padang_18_Januari_2025,Wikilatih Wikidata Padang 18 Januari 2025,2026-01-17 22:00:00+00:00,Wikilatih,2026-01-17 22:00:00+00:00,1212.8098726851852,Existing User,1,False
TyoAriSetiadi,Wikimedia_Indonesia/Wikilatih_Wikidata_Banjarnegara,2026-02-14 23:21:59+00:00,Wikimedia_Indonesia/Wikilatih_Wikidata_Banjarnegara,Wikilatih Wikidata Banjarnegara,2026-04-18 22:00:00+00:00,Wikilatih,2026-04-18 22:00:00+00:00,62.94306712962963,Existing User,1,False
Ucupphexa,Wikimedia_Indonesia/Wikilatih_Wikidata_Jakarta_31_Maret_2026,2026-03-31 07:36:55+00:00,Wikimedia_Indonesia/Wikilatih_Wikidata_Jakarta_31_Maret_2026,Wikilatih Wikidata Jakarta 31 Maret 2026,2026-03-30 22:00:00+00:00,Wikilatih,2026-03-30 22:00:00+00:00,-0.40063657407407405,New User,1,False
Ulumarifah,Wikimedia_Indonesia/Kopdar_Wikimedia_Surabaya_20_November_2025_(20_November_2025),2019-10-16 13:00:58+00:00,Wikimedia_Indonesia/Kopdar_Wikimedia_Surabaya_20_November_2025_(20_November_2025),Kopdar Wikimedia Surabaya 20 November 2025,2025-11-19 22:00:00+00:00,Kopdar,2025-11-19 22:00:00+00:00,2226.3743287037037,Existing User,1,False
Umifatt,Wikimedia_Indonesia/Wikilatih_Wikidata_Banjarnegara,2026-04-18 16:54:57+00:00,Wikimedia_Indonesia/Wikilatih_Wikidata_Banjarnegara,Wikilatih Wikidata Banjarnegara,2026-04-18 22:00:00+00:00,Wikilatih,2026-04-18 22:00:00+00:00,0.21184027777777778,New User,1,False
Unicornbaddie,Wikimedia_Indonesia/Wikilatih_Wikidata_UISU_27_Oktober_2025,2025-10-27 02:27:17+00:00,Wikimedia_Indonesia/Wikilatih_Wikidata_UISU_27_Oktober_2025,Wikilatih Wikidata UISU 27 Oktober 2025,2025-10-26 23:00:00+00:00,Wikilatih,2025-10-26 23:00:00+00:00,-0.14394675925925926,New User,1,False
Unincantik,Wikimedia_Indonesia/Kopdar_Wikidata_Padang_15_November_2025,2025-10-11 02:56:36+00:00,Wikimedia_Indonesia/Kopdar_Wikidata_Padang_15_November_2025,Kopdar Wikidata Padang 15 November 2025,2025-11-14 23:00:00+00:00,Kopdar,2025-11-14 23:00:00+00:00,34.83569444444444,Existing User,1,False
Untari120,Wikimedia_Indonesia/Wikilatih_Wikidata_BRIN,2021-11-23 12:45:35+00:00,Wikimedia_Indonesia/Wikilatih_Wikidata_BRIN,Wikilatih Wikidata BRIN,2026-03-02 22:00:00+00:00,Wikilatih,2026-03-02 22:00:00+00:00,1560.385011574074,Existing User,1,False
Uuud,Wikimedia_Indonesia/Wikilatih_Wikidata_IDJN,2025-08-27 07:37:24+00:00,Wikimedia_Indonesia/Wikilatih_Wikidata_IDJN,Wikilatih Wikidata IDJN,2025-08-28 22:00:00+00:00,Wikilatih,2025-08-28 22:00:00+00:00,1.5990277777777777,New User,1,False
Vdtmp,Wikimedia_Indonesia/Wikilatih_Wikidata_Bangka_Belitung_Januari_2026,2026-01-18 03:35:22+00:00,Wikimedia_Indonesia/Wikilatih_Wikidata_Bangka_Belitung_Januari_2026,Wikilatih Wikidata Bangka Belitung Januari 2026,2026-01-17 22:00:00+00:00,Wikilatih,2026-01-17 22:00:00+00:00,-0.23289351851851853,New User,1,False
Vina Syahruni,Wikimedia_Indonesia/Wikilatih_Wikidata_Bangka_Belitung_Januari_2026,2026-01-15 15:29:53+00:00,Wikimedia_Indonesia/Wikilatih_Wikidata_Bangka_Belitung_Januari_2026,Wikilatih Wikidata Bangka Belitung Januari 2026,2026-01-17 22:00:00+00:00,Wikilatih,2026-01-17 22:00:00+00:00,2.270914351851852,New User,1,False
Waaawaaa,Wikimedia_Indonesia/Wikilatih_Wikidata_Bangka_Belitung_Januari_2026,2026-01-15 05:09:14+00:00,Wikimedia_Indonesia/Wikilatih_Wikidata_Bangka_Belitung_Januari_2026,Wikilatih Wikidata Bangka Belitung Januari 2026,2026-01-17 22:00:00+00:00,Wikilatih,2026-01-17 22:00:00+00:00,2.7019212962962964,New User,1,False
Wahyu Rahmat Ilahi,Wikimedia_Indonesia/Wikilatih_Wikidata_Padang_18_Januari_2025,2025-05-30 03:18:11+00:00,Wikimedia_Indonesia/Wikilatih_Wikidata_Padang_18_Januari_2025,Wikilatih Wikidata Padang 18 Januari 2025,2026-01-17 22:00:00+00:00,Wikilatih,2026-01-17 22:00:00+00:00,232.77903935185185,Existing User,1,False
Waleed.butt0025,Wikimedia_Indonesia/Kopdar_Wikidata_Yogyakarta_24_Mei_2026,2014-07-14 21:35:54+00:00,Wikimedia_Indonesia/Kopdar_Wikidata_Yogyakarta_24_Mei_2026,Kopdar Wikidata Yogyakarta 24 Mei 2026,2026-05-23 22:00:00+00:00,Kopdar,2026-05-23 22:00:00+00:00,4331.016736111111,Existing User,1,False
WanaraLima,Wikimedia_Indonesia/Kopdar_Wikidata_Yogyakarta_24_Mei_2026,2022-04-05 04:44:12+00:00,Wikimedia_Indonesia/Kopdar_Wikidata_Yogyakarta_24_Mei_2026,Kopdar Wikidata Yogyakarta 24 Mei 2026,2026-05-23 22:00:00+00:00,Kopdar,2026-05-23 22:00:00+00:00,1509.7193055555556,Existing User,1,False
Waqid,Wikimedia_Indonesia/Wikilatih_Wikidata_Madura_29_Maret,2020-01-27 19:50:42+00:00,Wikimedia_Indonesia/Wikilatih_Wikidata_Madura_29_Maret,Wikilatih Wikidata Madura 29 Maret,2026-03-28 22:00:00+00:00,Wikilatih,2026-03-28 22:00:00+00:00,2252.0897916666668,Existing User,1,False
Wawan2828,Wikimedia_Indonesia/Wikilatih_Wikidata_Kehutanan_UNSRAT,2026-05-19 03:57:22+00:00,Wikimedia_Indonesia/Wikilatih_Wikidata_Kehutanan_UNSRAT,Wikilatih Wikidata Kehutanan UNSRAT,2026-05-20 22:00:00+00:00,Wikilatih,2026-05-20 22:00:00+00:00,1.7518287037037037,New User,1,False
Who'sisthis,Wikimedia_Indonesia/Wikilatih_Wikidata_Palembang_21_Juni_2026,2025-03-03 14:36:35+00:00,Wikimedia_Indonesia/Wikilatih_Wikidata_Palembang_21_Juni_2026,Wikilatih Wikidata Palembang 21 Juni 2026,2026-06-20 22:00:00+00:00,Wikilatih,2026-06-20 22:00:00+00:00,474.30792824074075,Existing User,1,False
Writingtradition,Wikimedia_Indonesia/Kopdar_Wikidata_Jakarta_14_Desember_2025_(14_Desember_2025),2024-12-04 01:55:53+00:00,Wikimedia_Indonesia/Kopdar_Wikidata_Jakarta_14_Desember_2025_(14_Desember_2025),Kopdar Wikidata Jakarta 14 Desember 2025,2025-12-13 15:00:00+00:00,Kopdar,2025-12-13 15:00:00+00:00,374.54452546296295,Existing User,1,False
Xiezyun,Wikimedia_Indonesia/Wikilatih_Wikidata_Bangka_Belitung_Januari_2026,2026-01-17 14:56:50+00:00,Wikimedia_Indonesia/Wikilatih_Wikidata_Bangka_Belitung_Januari_2026,Wikilatih Wikidata Bangka Belitung Januari 2026,2026-01-17 22:00:00+00:00,Wikilatih,2026-01-17 22:00:00+00:00,0.29386574074074073,New User,1,False
YOGI NUGRAHA PUTRA,Wikimedia_Indonesia/Kopdar_Wikidata_Daluring_Jambi_x_Jakarta_Januari_2025,2025-03-23 10:24:58+00:00,Wikimedia_Indonesia/Kopdar_Wikidata_Daluring_Jambi_x_Jakarta_Januari_2025,Kopdar Wikidata Daluring Jambi x Jakarta Januari 2025,2026-01-24 22:00:00+00:00,Kopdar,2026-01-24 22:00:00+00:00,307.482662037037,Existing User,1,False
Yamato Shiya,Wikimedia_Indonesia/Kopdar_Wikimedia_Surabaya_20_November_2025_(20_November_2025),2023-08-21 14:16:15+00:00,Wikimedia_Indonesia/Kopdar_Wikimedia_Surabaya_20_November_2025_(20_November_2025),Kopdar Wikimedia Surabaya 20 November 2025,2025-11-19 22:00:00+00:00,Kopdar,2025-11-19 22:00:00+00:00,821.3220486111111,Existing User,1,False
Yamizo,Wikimedia_Indonesia/Wikilatih_Wikidata_Jakarta_31_Maret_2026,2026-01-20 02:46:09+00:00,Wikimedia_Indonesia/Wikilatih_Wikidata_Jakarta_31_Maret_2026,Wikilatih Wikidata Jakarta 31 Maret 2026,2026-03-30 22:00:00+00:00,Wikilatih,2026-03-30 22:00:00+00:00,69.80128472222222,Existing User,1,False
Yandikk,Wikimedia_Indonesia/Wikilatih_WIkidata_Telkom_University_Oktober_2025,2025-10-03 07:07:08+00:00,Wikimedia_Indonesia/Wikilatih_WIkidata_Telkom_University_Oktober_2025,Wikilatih WIkidata Telkom University Oktober 2025,2025-10-03 22:00:00+00:00,Wikilatih,2025-10-03 22:00:00+00:00,0.6200462962962963,New User,1,False
Yaya Nulis,Wikimedia_Indonesia/Kopdar_Wikidata_Bandung_Oktober_2025,2024-11-05 04:49:24+00:00,Wikimedia_Indonesia/Kopdar_Wikidata_Bandung_Oktober_2025,Kopdar Wikidata Bandung Oktober 2025,2025-10-03 22:00:00+00:00,Kopdar,2025-10-03 22:00:00+00:00,332.71569444444447,Existing User,1,False
Yola61,Wikimedia_Indonesia/Wikilatih_Wikidata_Kehutanan_UNSRAT,2026-05-21 01:09:15+00:00,Wikimedia_Indonesia/Wikilatih_Wikidata_Kehutanan_UNSRAT,Wikilatih Wikidata Kehutanan UNSRAT,2026-05-20 22:00:00+00:00,Wikilatih,2026-05-20 22:00:00+00:00,-0.13142361111111112,New User,1,False
Yuinday,Wikimedia_Indonesia/Wikilatih_Wikidata_UISU_27_Oktober_2025,2025-10-26 16:16:56+00:00,Wikimedia_Indonesia/Wikilatih_Wikidata_UISU_27_Oktober_2025,Wikilatih Wikidata UISU 27 Oktober 2025,2025-10-26 23:00:00+00:00,Wikilatih,2025-10-26 23:00:00+00:00,0.2799074074074074,New User,1,False
Yuliarp,Wikimedia_Indonesia/Wikilatih_Wikidata_Yogyakarta_2026,2024-09-27 08:43:19+00:00,Wikimedia_Indonesia/Wikilatih_Wikidata_Yogyakarta_2026,Wikilatih Wikidata Yogyakarta 2026,2026-04-25 22:00:00+00:00,Wikilatih,2026-04-25 22:00:00+00:00,575.5532523148148,Existing User,1,False
Yulis2026,Wikimedia_Indonesia/Wikilatih_Wikidata_Kehutanan_UNSRAT,2026-05-19 05:09:08+00:00,Wikimedia_Indonesia/Wikilatih_Wikidata_Kehutanan_UNSRAT,Wikilatih Wikidata Kehutanan UNSRAT,2026-05-20 22:00:00+00:00,Wikilatih,2026-05-20 22:00:00+00:00,1.7019907407407406,New User,1,False
Yushan-Riry,Wikimedia_Indonesia/Wikilatih_Wikidata_UNAIR_21_November_2025,2025-11-20 04:29:57+00:00,Wikimedia_Indonesia/Wikilatih_Wikidata_UNAIR_21_November_2025,Wikilatih Wikidata UNAIR 21 November 2025,2025-11-20 22:00:00+00:00,Wikilatih,2025-11-20 22:00:00+00:00,0.7292013888888889,New User,1,False
Zaara wylie,Wikimedia_Indonesia/Kopdar_Wikidata_Daluring_Jambi_x_Jakarta_Januari_2025,2026-01-16 18:02:52+00:00,Wikimedia_Indonesia/Kopdar_Wikidata_Daluring_Jambi_x_Jakarta_Januari_2025,Kopdar Wikidata Daluring Jambi x Jakarta Januari 2025,2026-01-24 22:00:00+00:00,Kopdar,2026-01-24 22:00:00+00:00,8.164675925925925,Existing User,1,False
Zahra234,Wikimedia_Indonesia/Wikilatih_Wikidata_Semarang_21_Juni_2026,2026-06-21 03:30:20+00:00,Wikimedia_Indonesia/Wikilatih_Wikidata_Semarang_21_Juni_2026,Wikilatih Wikidata Semarang 21 Juni 2026,2026-06-20 23:00:00+00:00,Wikilatih,2026-06-20 23:00:00+00:00,-0.18773148148148147,New User,1,False
Zahradila,Wikimedia_Indonesia/Wikilatih_Wikidata_Semarang_21_Juni_2026,2024-10-01 06:33:56+00:00,Wikimedia_Indonesia/Wikilatih_Wikidata_Semarang_21_Juni_2026,Wikilatih Wikidata Semarang 21 Juni 2026,2026-06-20 23:00:00+00:00,Wikilatih,2026-06-20 23:00:00+00:00,627.6847685185185,Existing User,1,False
Zakaria,Wikimedia_Indonesia/Kopdar_Wikidata_Yogyakarta_24_Mei_2026,2018-02-26 07:41:29+00:00,Wikimedia_Indonesia/Kopdar_Wikidata_Yogyakarta_24_Mei_2026,Kopdar Wikidata Yogyakarta 24 Mei 2026,2026-05-23 22:00:00+00:00,Kopdar,2026-05-23 22:00:00+00:00,3008.59619212963,Existing User,1,False
Zam Zam Islamy,Wikimedia_Indonesia/Wikilatih_Wikidata_Bangka_Belitung_Januari_2026,2026-01-09 04:25:42+00:00,Wikimedia_Indonesia/Wikilatih_Wikidata_Bangka_Belitung_Januari_2026,Wikilatih Wikidata Bangka Belitung Januari 2026,2026-01-17 22:00:00+00:00,Wikilatih,2026-01-17 22:00:00+00:00,8.732152777777777,Existing User,1,False
Zhilal Darma,Wikimedia_Indonesia/Kopdar_Wikidata_Padang_15_November_2025,2018-09-25 06:17:31+00:00,Wikimedia_Indonesia/Kopdar_Wikidata_Padang_15_November_2025,Kopdar Wikidata Padang 15 November 2025,2025-11-14 23:00:00+00:00,Kopdar,2025-11-14 23:00:00+00:00,2607.6961689814816,Existing User,2,True
